,video_id,frame_id,right_arm_angle,left_arm_angle,right_leg_angle,left_leg_angle,waist_angle,Neck_delta_x,RShoulder_delta_x,RElbow_delta_x,RWrist_delta_x,LShoulder_delta_x,LElbow_delta_x,LWrist_delta_x,MidHip_delta_x,RHip_delta_x,RKnee_delta_x,LHip_delta_x,LKnee_delta_x,Neck_delta_y,RShoulder_delta_y,RElbow_delta_y,RWrist_delta_y,LShoulder_delta_y,LElbow_delta_y,LWrist_delta_y,MidHip_delta_y,RHip_delta_y,RKnee_delta_y,LHip_delta_y,LKnee_delta_y
0,0,0,164.45223430752222,170.53600093437475,178.3876296039992,176.93636165187854,86.62548923943497,0.4191436767578125,0.00275421142578125,0.0012969970703125,0.0005035400390625,0.859283447265625,0.00246429443359375,0.848052978515625,0.4358367919921875,0.01981353759765625,0.0205078125,0.846466064453125,0.01134490966796875,0.009124755859375,0.00511932373046875,0.4240875244140625,0.856781005859375,0.017536163330078125,0.428009033203125,0.4181671142578125,1.2865829467773438,0.43939208984375,0.8775711059570312,1.2925872802734375,1.2888336181640625
1,0,1,167.654281102013,172.90780689070985,178.38518314290673,173.08440380760422,92.33116768053928,0.007904052734375,0.01844024658203125,0.4295196533203125,0.0031280517578125,0.4170074462890625,0.00554656982421875,0.0049896240234375,0.00806427001953125,0.00469970703125,0.003082275390625,0.42052459716796875,0.406097412109375,0.00902557373046875,0.43856048583984375,0.41625213623046875,0.0045318603515625,0.005645751953125,0.8692550659179688,0.4222259521484375,0.4309234619140625,0.01096343994140625,0.00571441650390625,0.8592300415039062,0.0126495361328125
2,0,2,167.83685050554723,168.8882991188901,178.50290171392408,175.81086542728028,97.59684801370938,0.025054931640625,0.41822052001953125,0.42987060546875,0.4049530029296875,0.42380523681640625,0.01495361328125,0.43035125732421875,0.01239776611328125,0.0079345703125,0.00861358642578125,0.8546066284179688,0.021148681640625,0.00243377685546875,0.0074462890625,0.4108123779296875,0.42992401123046875,0.4149436950683594,0.4358367919921875,0.42193603515625,1.2990646362304688,0.8579559326171875,0.4315338134765625,1.2908096313476562,0.8640060424804688
3,0,3,168.84812305662962,169.45055703960819,179.20658257505576,175.3147221955823,100.55039409730973,0.0027008056640625,0.00258636474609375,0.4307098388671875,0.39293670654296875,0.01128387451171875,0.3956298828125,0.433380126953125,0.0006103515625,0.41204071044921875,0.0028533935546875,0.0082550048828125,0.00437164306640625,0.42356109619140625,0.420196533203125,0.8510589599609375,0.4264068603515625,0.4359283447265625,0.8491973876953125,0.0113677978515625,0.0046234130859375,0.41596221923828125,0.01602935791015625,0.00907135009765625,0.42047119140625
4,0,4,159.7750828663089,167.4646091338502,177.98557055361402,175.34168456962965,102.8777673812187,0.00025177001953125,0.00098419189453125,1.2851333618164062,0.39394378662109375,0.003875732421875,0.4193572998046875,0.00142669677734375,0.0022430419921875,0.4071044921875,0.0110626220703125,0.00943756103515625,0.00054931640625,0.4308013916015625,0.43631744384765625,0.4233856201171875,0.00461578369140625,0.44091796875,1.7041702270507812,0.01857757568359375,0.001220703125,0.0016937255859375,0.420166015625,0.00182342529296875,0.01407623291015625
5,0,5,159.31616694190538,165.07167911137844,175.59672203625598,176.58795461699782,96.11857244546773,0.00174713134765625,0.0002899169921875,0.01515960693359375,0.01735687255859375,0.0069427490234375,0.010589599609375,0.41419219970703125,0.006744384765625,0.41082000732421875,0.41565704345703125,0.4265289306640625,0.00818634033203125,0.00229644775390625,0.8525466918945312,0.0183258056640625,0.00666046142578125,0.007396697998046875,0.8557968139648438,0.42493438720703125,0.42938995361328125,0.0052642822265625,0.008758544921875,0.42220306396484375,0.4381561279296875
6,0,6,156.90567008219986,164.1034867038297,176.0865346428933,179.2783132949184,86.65764323377539,0.40836334228515625,0.00336456298828125,0.41326904296875,0.00218963623046875,0.41989898681640625,0.01387786865234375,0.00872802734375,0.414306640625,0.01725006103515625,0.00441741943359375,0.8498992919921875,0.01802825927734375,0.01149749755859375,0.424835205078125,0.410614013671875,0.0079193115234375,0.8547744750976562,1.2885589599609375,0.4053497314453125,1.2894515991210938,0.44384765625,0.8487319946289062,0.8660736083984375,0.00603485107421875
7,0,7,156.1723466116236,165.43608655818582,174.55762193978822,178.7475837627127,85.47125123850596,0.4367218017578125,0.013401031494140625,0.01775360107421875,0.01136016845703125,0.03556060791015625,0.011932373046875,0.42026519775390625,0.00063323974609375,0.00345611572265625,0.008453369140625,0.00445556640625,0.00321197509765625,0.022003173828125,0.43695831298828125,0.00373077392578125,0.416656494140625,0.4257354736328125,0.0023956298828125,0.438323974609375,0.00257110595703125,7.62939453125e-05,0.42827606201171875,0.42626953125,0.40668487548828125
8,0,8,156.0143802633419,163.48129981682558,176.20330123326437,179.14457826657676,85.02731849317279,0.00153350830078125,0.004650115966796875,0.0142364501953125,0.0176544189453125,0.4100799560546875,0.0141448974609375,0.01092529296875,0.00337982177734375,0.421722412109375,0.00826263427734375,0.00307464599609375,0.009521484375,0.00362396240234375,0.006072998046875,0.43419647216796875,0.42303466796875,0.002170562744140625,0.00994110107421875,0.011749267578125,0.437744140625,0.43302154541015625,0.8618927001953125,1.2850494384765625,0.4456939697265625
9,0,9,154.0402053113994,160.37949784693302,175.94836707925876,179.5525620603833,85.33911596948724,0.0164794921875,0.003936767578125,0.00531768798828125,0.00855255126953125,0.8612518310546875,0.00580596923828125,0.42746734619140625,0.003021240234375,0.41970062255859375,0.006072998046875,0.00286102294921875,0.0006256103515625,0.42171478271484375,0.00662994384765625,0.41449737548828125,0.4214935302734375,0.8484039306640625,0.41997528076171875,0.8591537475585938,0.00545501708984375,0.00742340087890625,0.43776702880859375,0.0052337646484375,0.420013427734375
10,0,10,155.0895283332678,166.66100168439812,175.96931716464618,179.02121439846573,84.79326511428785,0.0110321044921875,0.00139617919921875,0.00673675537109375,0.00067138671875,0.8480377197265625,0.0086517333984375,0.42656707763671875,0.0067596435546875,0.42243194580078125,0.00408935546875,0.002685546875,0.004058837890625,0.00677490234375,0.0012664794921875,0.41628265380859375,0.0022125244140625,0.41724395751953125,0.00804901123046875,0.42755889892578125,0.0038604736328125,0.00220489501953125,0.00719451904296875,0.41793060302734375,0.4136962890625
11,0,11,159.2506389526371,165.8684739868202,179.45511284229863,178.90969405255797,91.37913619752142,0.8588180541992188,0.02194976806640625,0.42215728759765625,0.001007080078125,0.876373291015625,0.4312286376953125,0.42227935791015625,0.0105438232421875,0.43359375,0.01895904541015625,0.01290130615234375,0.0072174072265625,0.43350982666015625,0.8657989501953125,0.00524139404296875,0.42687225341796875,0.4299964904785156,0.414093017578125,0.864898681640625,0.8431167602539062,0.43242645263671875,0.860382080078125,0.43749237060546875,0.003570556640625
12,0,12,159.22326363894675,168.68874531089406,179.28652411879202,178.8360972201752,86.7262913105636,0.0026702880859375,0.40467071533203125,0.42952728271484375,0.42639923095703125,0.00020599365234375,0.0216827392578125,0.8516616821289062,0.00769805908203125,0.00745391845703125,0.00567626953125,0.01427459716796875,0.00311279296875,0.011810302734375,0.42273712158203125,0.01262664794921875,0.00424957275390625,0.4339103698730469,0.022735595703125,1.303131103515625,0.42060089111328125,0.0120391845703125,0.0076446533203125,0.0043487548828125,0.0122833251953125
13,0,13,164.89092150068348,171.6196962909512,177.91212903223578,177.8162478387528,89.17784223165975,0.40991973876953125,0.41827392578125,0.43328857421875,0.02498626708984375,0.000335693359375,0.02295684814453125,0.4385833740234375,0.4140625,0.438690185546875,0.0018768310546875,0.42679595947265625,0.008697509765625,0.02587890625,1.2826766967773438,0.8642425537109375,0.8480453491210938,0.4272193908691406,0.03032684326171875,0.8759689331054688,0.42546844482421875,0.00621795654296875,0.00531005859375,0.4339599609375,0.44427490234375
14,0,14,165.49321065237476,172.21487374325827,177.82719398507527,177.71886596389658,90.24849576470156,0.0157470703125,0.0056304931640625,0.4248809814453125,0.41156005859375,0.4202880859375,0.01055908203125,0.41861724853515625,0.0046234130859375,0.4267578125,0.0189971923828125,0.00272369384765625,0.01612091064453125,0.00185394287109375,0.01153564453125,0.43514251708984375,1.2899246215820312,0.4332122802734375,0.41199493408203125,1.7044677734375,0.42592620849609375,0.418060302734375,0.01514434814453125,0.42589569091796875,0.0062103271484375
15,0,15,167.89949871452217,171.45397194771988,176.69927500234323,172.95243427696008,92.50755226026094,0.41941070556640625,0.004730224609375,0.43596649169921875,0.43434906005859375,0.4310760498046875,0.4325408935546875,0.4241485595703125,0.02646636962890625,0.4200897216796875,0.000885009765625,1.7142486572265625,0.0241241455078125,0.0021209716796875,0.40943145751953125,0.00865936279296875,0.00782012939453125,0.434234619140625,0.43628692626953125,1.7107620239257812,0.006317138671875,0.001678466796875,0.42321014404296875,0.42508697509765625,0.00550079345703125
16,0,16,159.58584691612262,157.93852773019412,179.01569643084397,175.3005612133495,85.09643629315302,0.02005767822265625,0.4299163818359375,0.441650390625,1.7320404052734375,0.4174652099609375,1.7092056274414062,0.025787353515625,0.42058563232421875,0.0188140869140625,0.8679046630859375,0.01538848876953125,0.4354705810546875,0.00519561767578125,0.0115814208984375,1.7312164306640625,1.2808456420898438,0.0006256103515625,0.44384002685546875,0.8673019409179688,0.4410400390625,0.0246124267578125,0.42772674560546875,1.7149505615234375,0.8552017211914062
17,0,17,159.8777054392722,165.66663395423595,178.503234814539,176.33077059116204,87.30917627494864,0.00170135498046875,0.0054473876953125,0.4428558349609375,0.4368743896484375,0.01700592041015625,0.8502120971679688,0.0094451904296875,0.85302734375,0.423004150390625,0.4346466064453125,0.41696929931640625,0.418212890625,0.42321014404296875,0.42389678955078125,0.854736328125,0.44783782958984375,0.001514434814453125,2.56494140625,0.86962890625,0.42813873291015625,0.854583740234375,0.8660430908203125,0.4316864013671875,0.43453216552734375
18,0,18,159.0095294129348,166.7453348188791,175.05223735741254,176.71890389958773,85.31278102646682,0.00899505615234375,0.01253509521484375,0.0023040771484375,0.4244232177734375,0.00130462646484375,0.87261962890625,1.7173690795898438,0.44490814208984375,0.4246368408203125,0.4146575927734375,0.00940704345703125,0.00469207763671875,0.01773834228515625,0.4126434326171875,1.2941055297851562,1.3089981079101562,0.002307891845703125,0.8492813110351562,0.003082275390625,0.8559112548828125,0.8732452392578125,0.0131988525390625,0.8583297729492188,1.2952880859375
19,0,19,158.9776460996616,167.2013323592577,178.87113956920794,178.99811420015104,87.59014868423195,0.4279022216796875,0.43036651611328125,1.2831573486328125,1.722198486328125,0.42893218994140625,0.8565139770507812,1.2866439819335938,0.8448257446289062,0.015289306640625,0.41193389892578125,0.0150146484375,0.44124603271484375,0.00351715087890625,0.0070648193359375,0.4306640625,0.01457977294921875,0.004741668701171875,0.00188446044921875,0.01267242431640625,0.8647003173828125,1.2962417602539062,0.8583145141601562,0.8664321899414062,0.435821533203125
20,0,20,155.66189987141095,169.79070665631434,176.08715712562872,178.1460789923536,95.46319058986117,0.41454315185546875,0.4300994873046875,0.43743896484375,0.0096893310546875,0.00261688232421875,0.418060302734375,0.001312255859375,0.421630859375,0.00965118408203125,0.40868377685546875,0.0107269287109375,0.422576904296875,0.00283050537109375,0.00628662109375,0.43628692626953125,0.0068359375,0.0035858154296875,1.7100982666015625,0.41889190673828125,0.4297027587890625,0.8620681762695312,0.0048675537109375,0.426727294921875,0.00373077392578125
21,0,21,159.73370204483984,176.12990210495067,179.98273419782143,176.4390932405842,94.71306354698565,1.2962570190429688,0.423797607421875,0.8571624755859375,0.861541748046875,1.7146835327148438,0.43926239013671875,0.44092559814453125,0.0068359375,7.62939453125e-06,0.41719818115234375,0.00531005859375,0.43819427490234375,0.4389495849609375,0.41126251220703125,0.44074249267578125,1.2782440185546875,0.84429931640625,2.1440277099609375,0.43614959716796875,0.859375,0.43273162841796875,0.44577789306640625,0.43825531005859375,1.7257003784179688
22,0,22,163.50577544768956,173.9374835544866,179.6015262298508,176.57866106397216,93.79334527577463,0.010223388671875,0.4151763916015625,0.8693161010742188,0.4110260009765625,0.41668701171875,0.4032440185546875,0.00270843505859375,0.01300811767578125,0.40511322021484375,0.002349853515625,0.01141357421875,0.0047454833984375,0.00124359130859375,0.01092529296875,0.42105865478515625,0.41347503662109375,0.01554107666015625,0.857086181640625,0.01873779296875,0.00957489013671875,0.00591278076171875,0.415374755859375,0.00868988037109375,0.42598724365234375
23,0,23,165.39563220369837,171.78267298776203,177.07511136805883,174.09056672178662,98.60749315420811,0.42859649658203125,1.2816925048828125,0.42264556884765625,0.8497848510742188,0.0039215087890625,0.01358795166015625,0.41783905029296875,0.0017242431640625,0.00238037109375,0.43593597412109375,0.0024261474609375,0.4295196533203125,0.0039215087890625,0.00164031982421875,0.00644683837890625,4.57763671875e-05,0.017551422119140625,0.0079498291015625,0.0048828125,0.8615798950195312,0.43976593017578125,0.41764068603515625,0.43768310546875,0.00144195556640625
24,0,24,161.62415666214812,175.6237397338652,178.3648123100294,175.3541732478096,93.77079302712879,1.52587890625e-05,0.00110626220703125,0.8574752807617188,0.8685989379882812,0.0037384033203125,0.41339874267578125,0.0274505615234375,0.43625640869140625,0.40944671630859375,0.00078582763671875,0.43505096435546875,0.00595855712890625,0.4226837158203125,0.402496337890625,0.00220489501953125,0.01233673095703125,0.4116630554199219,0.43337249755859375,0.01749420166015625,0.42685699462890625,0.012786865234375,0.0041961669921875,0.0150604248046875,0.00438690185546875
25,0,25,160.59134193183485,169.22733917816467,175.73961988699892,175.24956430017772,88.88308338341737,0.00783538818359375,0.42298126220703125,1.2919387817382812,1.2728042602539062,0.0045166015625,0.003387451171875,1.291748046875,0.00872802734375,0.0054473876953125,0.42675018310546875,0.0045928955078125,0.006011962890625,0.413421630859375,0.00412750244140625,0.40955352783203125,0.4399566650390625,0.42425537109375,0.8667449951171875,0.43822479248046875,0.8618621826171875,1.3003387451171875,0.017578125,0.44318389892578125,0.423675537109375
26,0,26,160.14393209922338,158.70189932108718,170.77293653942124,173.873830120868,85.8671023421512,0.00630950927734375,0.00214385986328125,0.43483734130859375,0.45809173583984375,0.41507720947265625,0.02349090576171875,1.7051239013671875,0.43070220947265625,0.41208648681640625,0.8582763671875,0.4171600341796875,0.01023101806640625,0.0047149658203125,0.3984222412109375,0.00211334228515625,0.421295166015625,0.0,1.290771484375,0.4423675537109375,0.00263214111328125,0.42163848876953125,0.4126434326171875,0.0025482177734375,0.43563079833984375
27,0,27,160.00388767149377,161.71645538106964,171.35672737645203,176.1922267325717,90.6783200991426,0.42850494384765625,0.43775177001953125,0.4190826416015625,0.42303466796875,0.01258087158203125,0.41901397705078125,0.0265350341796875,0.42258453369140625,0.00905609130859375,0.00885772705078125,0.0021820068359375,0.4195404052734375,0.00146484375,0.41082763671875,0.01564788818359375,0.00168609619140625,0.0172271728515625,0.00174713134765625,0.43444061279296875,0.00579071044921875,0.4160003662109375,0.43250274658203125,0.412811279296875,0.0052947998046875
28,0,28,163.92311359789048,161.63278833039868,173.34734030143383,173.9362674294014,90.88955684263827,0.0029144287109375,0.42523193359375,0.42717742919921875,1.2983322143554688,0.0147705078125,0.44557952880859375,0.8502197265625,0.001190185546875,0.00131988525390625,0.0012664794921875,0.00165557861328125,0.41823577880859375,0.412628173828125,0.0024261474609375,0.43038177490234375,0.4365997314453125,0.005126953125,0.43475341796875,0.42254638671875,0.00368499755859375,0.00749969482421875,0.00551605224609375,0.40781402587890625,0.0015869140625
29,0,29,168.23133231918644,172.09739732426004,172.80235526972032,175.6906416461365,83.76429982540712,0.8525543212890625,0.00569915771484375,0.402313232421875,0.43438720703125,0.4351806640625,1.28326416015625,0.01691436767578125,0.004486083984375,0.0103912353515625,0.00034332275390625,0.002471923828125,0.4187469482421875,0.408721923828125,0.0032196044921875,0.440704345703125,0.022003173828125,0.00803375244140625,0.01647186279296875,0.4293975830078125,0.02256011962890625,0.44061279296875,0.00598907470703125,0.01697540283203125,1.2901077270507812
30,0,30,167.96568810945698,166.1409610383271,177.83769139266667,178.19934571567117,83.96160745910045,0.42400360107421875,0.41754150390625,0.4036865234375,0.411102294921875,0.42420196533203125,0.41527557373046875,0.01973724365234375,0.43235015869140625,0.01575469970703125,0.8484649658203125,0.00606536865234375,0.42819976806640625,0.0124053955078125,0.014434814453125,0.42615509033203125,0.40636444091796875,0.00043487548828125,0.02410125732421875,0.40824127197265625,0.42993927001953125,0.4301300048828125,0.43369293212890625,0.43360137939453125,0.4251708984375
31,0,31,167.3052185688209,170.39470954317463,179.10816665224363,179.32071855170744,84.0372284913093,0.00939178466796875,0.01148223876953125,0.00028228759765625,0.41454315185546875,0.0077667236328125,0.4185638427734375,0.01482391357421875,0.0076751708984375,0.0005340576171875,0.4312744140625,0.00969696044921875,0.4275970458984375,0.0007171630859375,0.001190185546875,0.43601226806640625,0.00319671630859375,0.00191497802734375,0.00365447998046875,0.40496826171875,0.005889892578125,0.000396728515625,0.41584014892578125,0.42594146728515625,0.02277374267578125
32,0,32,171.58570436403176,168.62620064901148,178.02074597599668,173.71338061563807,89.57898238950092,0.42015838623046875,0.41355133056640625,0.0122833251953125,0.416656494140625,0.00284576416015625,0.4252471923828125,0.430633544921875,0.42498016357421875,0.0095672607421875,0.428619384765625,0.002105712890625,0.8537826538085938,0.41661834716796875,0.40149688720703125,0.41970062255859375,0.41455078125,0.00937652587890625,0.41977691650390625,0.43772125244140625,0.02703857421875,0.43282318115234375,0.42185211181640625,0.8480300903320312,1.3021011352539062
33,0,33,167.0490759247856,172.81604990836124,179.43884206525482,176.08188270981265,84.82572650425362,0.00930023193359375,0.00864410400390625,0.00237274169921875,0.8494338989257812,0.8497543334960938,0.856964111328125,0.00325775146484375,0.004638671875,0.0028228759765625,0.42425537109375,0.003082275390625,0.41357421875,0.41469573974609375,0.39492034912109375,0.4254150390625,0.416595458984375,0.00038909912109375,0.41719818115234375,0.0283050537109375,0.4078369140625,0.00481414794921875,0.00313568115234375,0.00399017333984375,0.43297576904296875
34,0,34,166.65444713745418,166.37035729919282,179.62121378454495,173.56851755269238,84.28416585626347,0.0003814697265625,0.0010528564453125,0.00621795654296875,0.0037689208984375,0.41982269287109375,0.8564529418945312,0.00455474853515625,0.00665283203125,0.00492095947265625,0.00046539306640625,0.00386810302734375,0.41748046875,0.4177093505859375,0.398193359375,0.0121612548828125,0.40937042236328125,0.0004119873046875,0.425750732421875,0.43839263916015625,0.41712188720703125,0.4207916259765625,0.4257659912109375,0.42229461669921875,0.00727081298828125
35,0,35,164.7306247862376,173.06576427184493,178.33289957305917,173.88247677753995,87.62700846164871,0.0002288818359375,0.00380706787109375,0.00687408447265625,0.442718505859375,0.42125701904296875,0.8536529541015625,0.00150299072265625,0.425262451171875,0.00281524658203125,0.00034332275390625,0.00847625732421875,0.00063323974609375,0.4178466796875,0.000396728515625,0.01576995849609375,0.00397491455078125,0.00171661376953125,0.016845703125,0.43274688720703125,0.00440216064453125,0.41159820556640625,0.437774658203125,0.41574859619140625,0.8621597290039062
36,0,36,164.7426135932018,173.0711007289332,178.1695752853949,174.03698121507284,84.26573732763273,0.00109100341796875,0.0009918212890625,0.00118255615234375,0.00304412841796875,0.0028228759765625,0.0006256103515625,0.00408172607421875,0.421783447265625,0.00577545166015625,0.000885009765625,0.005096435546875,0.00933837890625,0.41608428955078125,0.00237274169921875,0.001190185546875,0.002288818359375,0.00091552734375,0.001708984375,0.00490570068359375,0.00457763671875,0.4116363525390625,0.00128173828125,0.4115753173828125,0.41977691650390625
37,0,37,161.28689165673768,168.83751406063345,178.9299859645354,173.99258412445792,82.80939860205993,0.00418853759765625,0.40535736083984375,0.00019073486328125,0.42069244384765625,0.00273895263671875,0.4170074462890625,0.0013580322265625,0.41826629638671875,0.0008544921875,0.00095367431640625,0.0050506591796875,0.00531768798828125,0.41645050048828125,0.00469970703125,0.008026123046875,0.0006256103515625,0.00162506103515625,0.42060089111328125,0.00595855712890625,0.00273895263671875,0.0042877197265625,0.412872314453125,0.000885009765625,0.00266265869140625
38,0,38,162.89480347627776,173.25490269852173,179.08233847011874,174.13516402900206,84.60079422591988,0.0004119873046875,0.00905609130859375,0.414794921875,0.43308258056640625,0.00672149658203125,0.42951202392578125,0.01528167724609375,0.4152984619140625,0.00029754638671875,0.00638580322265625,0.00048065185546875,0.01219940185546875,0.00041961669921875,0.0022125244140625,0.00263214111328125,0.0161285400390625,0.00405120849609375,0.418731689453125,0.0121002197265625,0.0041046142578125,0.0047607421875,0.00801849365234375,0.0109100341796875,0.42230224609375
39,0,39,164.3047923549795,176.91407781960987,178.91584242001332,174.06117817290706,87.44050410153724,0.0025634765625,0.0018157958984375,0.00211334228515625,0.4180908203125,0.0046844482421875,0.4121246337890625,0.01076507568359375,0.41793060302734375,0.0060882568359375,0.0020904541015625,0.0017242431640625,0.003997802734375,0.00713348388671875,0.40126800537109375,0.00443267822265625,0.00476837158203125,0.0004730224609375,0.40404510498046875,0.0047760009765625,0.42627716064453125,0.021148681640625,0.00122833251953125,0.4300689697265625,0.00859832763671875
40,0,40,162.85106783748162,175.57149546444478,178.9401006621568,174.08308427500285,82.87823729620926,7.62939453125e-05,0.0106658935546875,0.00246429443359375,0.4146881103515625,0.423919677734375,0.00095367431640625,0.0141143798828125,0.00140380859375,0.00058746337890625,0.0003509521484375,0.00440216064453125,0.00432586669921875,0.0053863525390625,0.40250396728515625,0.01316070556640625,0.0059356689453125,0.004302978515625,0.8447418212890625,0.017578125,0.42311859130859375,0.01526641845703125,0.0023193359375,0.01190948486328125,0.00751495361328125
41,0,41,162.0912956788668,179.05254442097538,176.76634950199008,174.23599513246586,84.02922601631408,0.4223480224609375,0.002471923828125,0.005584716796875,0.00670623779296875,0.8472824096679688,0.01055145263671875,0.01284027099609375,0.0069580078125,0.0016937255859375,0.42800140380859375,0.00659942626953125,0.00086212158203125,0.01416778564453125,0.407501220703125,0.41561126708984375,0.41037750244140625,0.00205230712890625,0.4365234375,0.0183868408203125,0.00835418701171875,0.0099639892578125,0.43152618408203125,0.00641632080078125,0.000823974609375
42,0,42,160.47836124076554,178.76294673463926,177.42253591827873,174.09845309832863,86.5925222204276,0.00608062744140625,0.4116363525390625,0.0050811767578125,0.002593994140625,0.0074462890625,0.006195068359375,0.00556182861328125,0.42179107666015625,0.00829315185546875,0.0095367431640625,0.00145721435546875,0.00308990478515625,0.0032501220703125,0.00048828125,0.00482177734375,0.005523681640625,0.00466156005859375,0.41394805908203125,0.00293731689453125,0.4104461669921875,0.00423431396484375,0.853790283203125,0.00060272216796875,0.01056671142578125
43,0,43,160.4615962219818,178.78633222039423,177.10023926504792,176.66425563557013,83.58073349511393,0.41889190673828125,0.005706787109375,0.00286102294921875,0.0015411376953125,0.00176239013671875,0.001068115234375,0.003082275390625,0.00817108154296875,0.00067138671875,0.0023193359375,0.008819580078125,0.41580963134765625,0.00072479248046875,0.0005950927734375,0.00505828857421875,0.02133941650390625,7.62939453125e-05,2.288818359375e-05,0.02416229248046875,0.41094207763671875,0.00479888916015625,0.432098388671875,0.004486083984375,0.00482940673828125
44,0,44,160.47984185422374,174.80386191202717,177.4866044446766,176.70250829355217,86.559440206607,0.41611480712890625,0.00051116943359375,0.001312255859375,0.00078582763671875,0.0020751953125,0.41420745849609375,0.00063323974609375,0.01027679443359375,0.00868988037109375,0.01305389404296875,0.00154876708984375,0.00676727294921875,0.00031280517578125,0.001251220703125,0.00376129150390625,0.00701141357421875,0.0022430419921875,0.001922607421875,0.00029754638671875,0.41309356689453125,0.01019287109375,0.42478179931640625,0.00186920166015625,0.00600433349609375
45,0,45,161.7029131491334,174.17602172955216,177.1071843767609,174.00199407743125,82.66337758797137,0.00150299072265625,0.00501251220703125,0.00783538818359375,0.01329803466796875,0.00567626953125,0.0043792724609375,0.00225067138671875,0.00113677978515625,0.0033111572265625,0.00727081298828125,0.00238800048828125,0.4213104248046875,0.412078857421875,0.00231170654296875,0.4205322265625,0.023223876953125,0.0091094970703125,0.41706085205078125,1.2765045166015625,0.41302490234375,0.00833892822265625,0.4328460693359375,0.00167083740234375,0.420867919921875
46,0,46,161.7092229700692,174.50859258286448,174.51681343976432,176.54022354083497,82.39790726633208,0.00203704833984375,0.00386810302734375,0.00418853759765625,0.00832366943359375,0.000701904296875,0.0003204345703125,0.00032806396484375,0.0106201171875,0.0103607177734375,0.4256591796875,0.003509521484375,0.41124725341796875,0.000518798828125,0.002471923828125,0.00109100341796875,0.01020050048828125,0.0015106201171875,0.0015716552734375,0.435943603515625,0.420135498046875,0.4186859130859375,0.0062255859375,0.42653656005859375,0.42093658447265625
47,0,47,160.31902538321668,178.89738012068185,173.07449757683284,176.4307341521456,87.84881835189097,0.419342041015625,0.41655731201171875,0.0008697509765625,0.00582122802734375,0.001007080078125,0.416839599609375,0.407501220703125,0.00919342041015625,0.0102081298828125,0.003662109375,0.005340576171875,0.0040283203125,0.01352691650390625,0.026519775390625,0.43750762939453125,0.42150115966796875,0.00417327880859375,0.427947998046875,1.3011474609375,0.42473602294921875,0.01312255859375,0.43280792236328125,0.00737762451171875,0.0052032470703125
48,0,48,161.16685452980528,177.26465483089004,173.02880407691092,176.57658164354595,83.6185445273691,0.0067901611328125,0.0003814697265625,0.00014495849609375,0.00582122802734375,0.00542449951171875,0.4114837646484375,0.0035247802734375,0.000701904296875,0.000579833984375,0.00537109375,3.0517578125e-05,0.00041961669921875,0.005462646484375,0.00371551513671875,0.00635528564453125,0.4056396484375,0.004852294921875,0.00217437744140625,0.0140838623046875,0.420166015625,0.00794219970703125,0.004608154296875,0.0061492919921875,0.00293731689453125
49,0,49,162.95251113163656,175.40950320658263,172.78702441035767,176.44186527330942,88.00751407822605,0.01097869873046875,0.41729736328125,0.00238037109375,0.0073699951171875,0.4278411865234375,0.00347137451171875,0.00968170166015625,0.000701904296875,3.0517578125e-05,0.0019378662109375,0.00054931640625,0.00254058837890625,0.001800537109375,0.0041351318359375,0.0016021728515625,0.00180816650390625,0.00540924072265625,0.00028228759765625,0.003448486328125,0.0095062255859375,0.41493988037109375,0.41114044189453125,0.427581787109375,0.41461944580078125
50,0,50,160.2467263017764,175.38966041244086,173.20142016255198,176.3945601676865,83.82184112571065,0.00409698486328125,0.41989898681640625,0.0031585693359375,0.0073699951171875,0.00058746337890625,0.00372314453125,0.0023193359375,0.00121307373046875,7.62939453125e-06,0.00693511962890625,0.00199127197265625,0.00673675537109375,0.00521087646484375,0.0072784423828125,0.0046234130859375,0.40779876708984375,0.00030517578125,0.009307861328125,0.0081024169921875,0.41388702392578125,0.0073089599609375,0.4189300537109375,0.0047760009765625,0.00841522216796875
51,0,51,160.23463033008818,175.28503128112047,173.0690455952992,176.32944853221073,83.67106194565909,0.00011444091796875,0.0052337646484375,0.0013275146484375,0.00194549560546875,0.00135040283203125,0.00902557373046875,0.00339508056640625,0.0019989013671875,0.0001678466796875,0.00482940673828125,0.00223541259765625,0.00356292724609375,0.00070953369140625,0.001220703125,0.00908660888671875,0.0161285400390625,0.0,0.41771697998046875,0.40875244140625,0.42522430419921875,0.41674041748046875,0.0054931640625,0.43792724609375,0.0081939697265625
52,0,52,160.33770001988012,173.38791650753564,173.47107204542803,176.46853238712396,87.66840481988407,0.00146484375,0.003143310546875,0.01092529296875,0.00101470947265625,0.41983795166015625,0.417022705078125,0.0055694580078125,0.0040283203125,0.00344085693359375,0.0050811767578125,0.007049560546875,0.0051116943359375,0.41709136962890625,0.00994873046875,0.00643157958984375,0.0027923583984375,0.00470733642578125,0.00125885009765625,0.41054534912109375,0.42132568359375,0.01073455810546875,0.4296417236328125,0.42221832275390625,0.42412567138671875
53,0,53,160.37075642938484,179.12135809732067,175.28839049565087,174.02827162589242,83.41230486496289,0.0055084228515625,0.00528717041015625,0.0025177001953125,0.00499725341796875,0.43106842041015625,0.41725921630859375,0.0001068115234375,0.00213623046875,0.0009613037109375,0.41778564453125,0.00335693359375,0.4106292724609375,0.00341796875,0.00603485107421875,0.00466156005859375,0.00844573974609375,0.00077056884765625,0.00438690185546875,0.0064239501953125,0.4266357421875,0.0100250244140625,0.42543792724609375,0.43007659912109375,0.00629425048828125
54,0,54,161.17695127812544,171.2899652117358,172.8350549011595,176.31126218847075,85.27844549394167,0.00107574462890625,0.41809844970703125,0.0039215087890625,4.57763671875e-05,0.00858306884765625,0.8455734252929688,0.00079345703125,0.42131805419921875,0.00469207763671875,0.420196533203125,0.00205230712890625,0.41866302490234375,0.01194000244140625,0.41058349609375,0.42951202392578125,0.001312255859375,0.00160980224609375,0.0038299560546875,0.00070953369140625,0.4297943115234375,0.42908477783203125,0.416900634765625,0.8501052856445312,0.8502731323242188
55,0,55,160.7310378494749,174.89204568865546,173.9619290580331,176.43840430846743,88.1166771507773,0.00092315673828125,0.4227294921875,0.408294677734375,0.41192626953125,0.00510406494140625,0.42305755615234375,0.0009765625,0.421600341796875,0.00565338134765625,0.00045013427734375,0.00225067138671875,0.0071258544921875,0.00403594970703125,0.0034027099609375,0.42244720458984375,0.41176605224609375,0.000640869140625,0.4104461669921875,0.00579833984375,0.01490020751953125,0.423980712890625,0.00919342041015625,0.42438507080078125,0.0077667236328125
56,0,56,159.38558619958502,177.20161036365005,172.663576161288,178.66473567097458,83.73084750965273,0.002838134765625,0.00031280517578125,0.4066925048828125,0.4084625244140625,0.0008544921875,0.8492889404296875,0.00469207763671875,0.00632476806640625,0.00417327880859375,0.0017852783203125,0.001495361328125,0.41709136962890625,0.4189300537109375,0.0025177001953125,0.42444610595703125,0.40987396240234375,0.0019989013671875,0.00380706787109375,0.41289520263671875,0.4131622314453125,0.01212310791015625,0.012451171875,0.0025787353515625,0.42238616943359375
57,0,57,162.40398794021715,179.0396888668305,174.29807005131917,178.64934940240528,89.41650573391617,0.41832733154296875,0.00528717041015625,0.4051055908203125,0.0072174072265625,0.00276947021484375,0.41313934326171875,0.004852294921875,0.00534820556640625,0.00087738037109375,0.00208282470703125,0.00548553466796875,0.00014495849609375,0.0096435546875,0.0054473876953125,0.416778564453125,0.40700531005859375,0.0041961669921875,0.0100250244140625,0.41082000732421875,0.01371002197265625,0.42841339111328125,0.0030517578125,0.01688385009765625,0.008056640625
58,0,58,160.35085964887068,177.12189252429414,174.34475664297327,178.92466315409817,88.2036587410166,0.42214202880859375,0.00582122802734375,0.4038238525390625,0.00165557861328125,0.0061187744140625,0.4102630615234375,0.00063323974609375,9.918212890625e-05,3.0517578125e-05,0.00669097900390625,0.0008087158203125,0.00323486328125,0.0031280517578125,0.00238800048828125,0.42894744873046875,0.00551605224609375,0.0008087158203125,0.00588226318359375,0.00945281982421875,0.00965118408203125,0.01041412353515625,0.0076141357421875,0.01152801513671875,0.4285125732421875
59,0,59,159.01875798294546,176.51448534176373,174.2095562753689,178.94857737849915,93.69381582814215,0.428131103515625,0.4244232177734375,0.41381072998046875,0.416168212890625,0.430419921875,0.8405075073242188,0.003021240234375,0.00566864013671875,0.00054168701171875,0.0041046142578125,0.00563812255859375,0.00208282470703125,0.4200286865234375,0.00020599365234375,0.43466949462890625,0.0171661376953125,0.01003265380859375,0.00112152099609375,0.40723419189453125,0.0080413818359375,0.42839813232421875,0.00373077392578125,0.006561279296875,0.00258636474609375
60,0,60,159.03060393409953,176.46913189368797,174.2247085793188,179.00955467039003,93.73668581487976,0.0016937255859375,0.000396728515625,0.00341796875,0.00336456298828125,0.000762939453125,0.004241943359375,0.00150299072265625,0.0012969970703125,0.0058135986328125,0.00150299072265625,0.00347137451171875,0.42632293701171875,0.00131988525390625,0.00160980224609375,0.0087890625,0.009033203125,0.0003204345703125,0.0055084228515625,0.00782012939453125,0.008758544921875,0.01125335693359375,0.00931549072265625,0.00984954833984375,0.8553543090820312
61,0,61,159.0093807763713,170.60648050542298,174.3095661239773,178.8700634087975,94.04543986262185,0.00057220458984375,0.00418853759765625,0.002410888671875,0.0081787109375,0.41983795166015625,0.4296417236328125,0.0037689208984375,0.00353240966796875,0.004791259765625,0.0025787353515625,0.00119781494140625,0.0009918212890625,0.00255584716796875,0.0004425048828125,0.00058746337890625,0.00667572021484375,0.00611114501953125,0.00060272216796875,0.00177764892578125,0.4182891845703125,0.426177978515625,6.866455078125e-05,0.41709136962890625,0.00637054443359375
62,0,62,158.793797001227,179.04163552773537,174.41745822134595,179.02509671257454,103.350731921672,0.41770172119140625,0.00128173828125,0.4147796630859375,0.41315460205078125,0.41942596435546875,0.8605804443359375,0.0093841552734375,0.007598876953125,0.00213623046875,0.00054168701171875,0.0098419189453125,0.00247955322265625,0.0014495849609375,0.00240325927734375,0.8606109619140625,0.4203643798828125,0.00341796875,0.4116668701171875,0.01316070556640625,0.4136199951171875,0.42491912841796875,0.004730224609375,0.41652679443359375,0.00634002685546875
63,0,63,160.3141126125534,176.64312706949406,177.02892239249127,178.49472463899366,89.21241185930823,0.41414642333984375,0.00455474853515625,0.4059600830078125,0.40935516357421875,0.00696563720703125,0.424530029296875,0.0103759765625,0.00319671630859375,0.00897979736328125,0.425384521484375,0.002349853515625,0.00018310546875,0.0056915283203125,0.00405120849609375,0.4112701416015625,0.41365814208984375,0.0029754638671875,0.40425872802734375,0.00455474853515625,0.02300262451171875,1.2926864624023438,0.44020843505859375,0.017181396484375,0.853607177734375
64,0,64,159.04209705347645,176.71940865515398,176.77926865942246,178.98200801510856,99.26822574131535,0.4181671142578125,0.00258636474609375,0.0162200927734375,0.0141143798828125,0.00080108642578125,0.00749969482421875,0.009521484375,0.0008544921875,0.00514984130859375,0.0052337646484375,0.004150390625,0.42095947265625,0.0038299560546875,0.0049285888671875,0.44612884521484375,0.0039825439453125,0.0005645751953125,0.41289520263671875,0.4395294189453125,0.01985931396484375,0.8688583374023438,0.414825439453125,0.0144195556640625,0.00104522705078125
65,0,65,159.04060328999492,179.09198805206148,178.6532136019383,178.15957520438886,90.12810280512467,0.000152587890625,0.0040130615234375,0.010650634765625,0.00499725341796875,0.0037841796875,0.0027008056640625,0.40248870849609375,0.002166748046875,0.00034332275390625,0.008270263671875,0.0035247802734375,0.41687774658203125,0.0037841796875,0.00037384033203125,0.0208587646484375,0.00601959228515625,0.00299072265625,0.0022735595703125,0.41753387451171875,0.437103271484375,1.2967071533203125,1.2853164672851562,0.020751953125,0.42591094970703125
66,0,66,160.65687607838234,176.93678655185957,173.94931318669956,179.2223376371174,84.28144633533925,0.0040130615234375,0.42398834228515625,0.0048065185546875,0.00998687744140625,0.001007080078125,0.00354766845703125,0.405487060546875,0.41858673095703125,0.0030670166015625,0.8529129028320312,0.0022430419921875,0.4237823486328125,0.0037689208984375,0.00102996826171875,0.01557159423828125,0.00628662109375,0.0011138916015625,0.00371551513671875,0.01621246337890625,0.4177093505859375,0.010040283203125,0.851318359375,0.006622314453125,0.0103759765625
67,0,67,160.6789571927918,176.76927494953298,173.29668162924403,178.8273839205832,94.87287530162484,0.00368499755859375,0.00295257568359375,0.0069732666015625,0.008544921875,0.40912628173828125,0.42710113525390625,0.4076385498046875,0.42120361328125,0.0061492919921875,0.0026702880859375,0.003509521484375,0.43755340576171875,0.00128173828125,0.00112152099609375,0.00724029541015625,0.014984130859375,0.00072479248046875,0.00508880615234375,0.00978851318359375,0.01932525634765625,0.8540115356445312,1.2805252075195312,0.01995086669921875,1.2895278930664062
68,0,68,160.68555205222313,172.46698715547006,172.30422839761815,176.32797710290583,92.585323824504,0.0006256103515625,0.00115966796875,0.005645751953125,0.00652313232421875,0.40926361083984375,0.000457763671875,0.411285400390625,0.4217529296875,0.0001678466796875,0.0024261474609375,0.0106353759765625,0.421234130859375,0.0067138671875,0.005340576171875,0.01019287109375,0.00287628173828125,0.00191497802734375,0.4181976318359375,0.000244140625,0.002471923828125,0.002349853515625,0.010223388671875,0.40850067138671875,0.44426727294921875
69,0,69,160.68195438377757,173.2268971048904,172.15626083583192,176.3338202637079,83.05059744379668,0.41822052001953125,0.00168609619140625,0.00070953369140625,0.00023651123046875,0.0101470947265625,0.00626373291015625,0.0021820068359375,0.0014190673828125,0.0003509521484375,0.0037078857421875,0.00075531005859375,0.00334930419921875,0.0028076171875,0.00072479248046875,0.00861358642578125,0.01186370849609375,0.00274658203125,0.41956329345703125,0.4073028564453125,0.01671600341796875,0.850067138671875,0.00620269775390625,0.4218902587890625,0.43616485595703125
70,0,70,160.70120701425637,173.42302449361102,174.4060892726369,176.39159168867153,89.38709163521753,0.011810302734375,0.0037689208984375,0.00481414794921875,0.0057220458984375,0.42397308349609375,0.00409698486328125,0.4095916748046875,0.42537689208984375,0.00542449951171875,0.4187469482421875,0.01053619384765625,0.00133514404296875,0.417816162109375,0.00045013427734375,0.00982666015625,0.00807952880859375,0.0020904541015625,0.0096435546875,0.00115966796875,0.00620269775390625,0.42375946044921875,0.43056488037109375,0.0052337646484375,0.00339508056640625
71,0,71,162.4267076983938,174.90901569770716,173.13350786483895,179.67496383093587,86.2623180707154,0.0012359619140625,0.0006866455078125,0.42194366455078125,0.40966033935546875,0.41730499267578125,0.0024566650390625,0.00659942626953125,0.8598175048828125,0.42742156982421875,0.42047882080078125,0.42086029052734375,0.428924560546875,0.00162506103515625,0.0048675537109375,0.0187835693359375,0.00014495849609375,0.00445556640625,0.02191162109375,0.42275238037109375,0.00749969482421875,0.00424957275390625,0.004150390625,0.009521484375,0.8682785034179688
72,0,72,159.05516653923704,170.8662272740677,170.96723221023893,179.63452625757037,85.99429495245857,0.0004119873046875,0.00421142578125,0.4094085693359375,0.0066375732421875,0.4215850830078125,0.0056915283203125,0.4172821044921875,0.00244903564453125,0.0015411376953125,0.4259185791015625,0.0032501220703125,0.005706787109375,0.42201995849609375,0.00389862060546875,0.00250244140625,0.00035858154296875,0.0053863525390625,0.41155242919921875,0.4290313720703125,0.0002899169921875,0.001373291015625,0.4256744384765625,0.00229644775390625,0.0028076171875
73,0,73,159.07165986501587,170.54273466314746,169.1186919528659,179.57042834376995,91.73619092359036,0.00167083740234375,0.00472259521484375,0.00182342529296875,0.00139617919921875,0.0025787353515625,0.0013275146484375,0.00276947021484375,0.41979217529296875,0.4167022705078125,0.00579071044921875,0.0001983642578125,0.00302886962890625,0.0029449462890625,0.00079345703125,0.00727081298828125,0.0068511962890625,0.0016021728515625,0.01483917236328125,0.43564605712890625,0.43483734130859375,0.8689956665039062,0.847808837890625,0.43021392822265625,1.7193679809570312
74,0,74,162.44280650900677,170.5339070554333,176.18631344824868,179.2892277255784,102.14631366983507,4.57763671875e-05,0.0027618408203125,0.4162139892578125,0.0013580322265625,0.00057220458984375,0.00034332275390625,8.392333984375e-05,0.42795562744140625,0.01012420654296875,1.278228759765625,0.41091156005859375,0.006622314453125,0.4266204833984375,0.0032806396484375,0.008544921875,0.0079193115234375,0.0130462646484375,0.43880462646484375,0.42889404296875,0.01056671142578125,0.8551101684570312,0.02053070068359375,0.00843048095703125,0.00576019287109375
75,0,75,162.39090352566987,161.62285094459162,176.01751260631937,179.09090247492784,84.52395652034177,0.8475112915039062,0.00452423095703125,0.00536346435546875,0.001861572265625,0.862579345703125,0.41849517822265625,0.0015106201171875,0.41943359375,0.0067901611328125,0.0023193359375,0.00066375732421875,0.42525482177734375,0.42177581787109375,0.00434112548828125,0.00365447998046875,0.002227783203125,0.00392913818359375,0.42249298095703125,1.277587890625,0.8810958862304688,2.1564178466796875,0.8679275512695312,1.2932662963867188,2.1461181640625
76,0,76,162.47514586447565,160.44720439228647,172.86705869770307,179.3944601826791,92.1042786622684,0.44051361083984375,0.8545455932617188,0.41800689697265625,0.0050201416015625,0.43593597412109375,0.006683349609375,0.00032806396484375,0.850738525390625,0.013458251953125,0.4278717041015625,0.0119476318359375,0.42407989501953125,0.4239959716796875,0.0098876953125,0.00696563720703125,0.003631591796875,0.4012908935546875,0.841033935546875,1.2830276489257812,0.4397735595703125,0.8638839721679688,0.8733139038085938,0.8602447509765625,2.1452484130859375
77,0,77,164.09378306035487,161.0390887726228,176.77843363100553,178.58468553206876,92.4159048741796,0.0079345703125,0.0162353515625,0.01023101806640625,0.40628814697265625,0.0033416748046875,0.00821685791015625,0.00357818603515625,0.00775909423828125,0.0111846923828125,0.4338836669921875,0.0019073486328125,0.42583465576171875,0.42315673828125,0.01557159423828125,0.006439208984375,0.0070648193359375,0.00107574462890625,0.000396728515625,0.419464111328125,0.0075836181640625,0.003509521484375,0.0142974853515625,0.01023101806640625,0.8457412719726562
78,0,78,163.16612067487387,169.32072096485203,175.73410997139354,176.6665887502103,88.03395352317509,0.4122467041015625,0.42299652099609375,0.017364501953125,0.418121337890625,0.00330352783203125,0.8564453125,0.007293701171875,0.4242095947265625,0.001953125,0.0157318115234375,0.01148223876953125,0.430419921875,0.4250946044921875,0.4253997802734375,0.4234619140625,0.01097869873046875,0.39994049072265625,0.41949462890625,0.4200286865234375,0.42893218994140625,0.8517303466796875,0.42575836181640625,0.8465347290039062,1.3078536987304688
79,0,79,161.50787134654357,169.2579862209878,174.34660093327358,177.87307465232806,94.84359896465665,0.00846099853515625,0.00609588623046875,0.42227935791015625,0.426422119140625,0.00553131103515625,0.0058441162109375,0.02469635009765625,0.4254302978515625,0.4100494384765625,0.00492095947265625,0.41583251953125,0.8490982055664062,0.422698974609375,0.42128753662109375,0.43698883056640625,0.43248748779296875,0.00457763671875,0.4291839599609375,0.418212890625,0.00705718994140625,0.4237213134765625,0.41397857666015625,0.42607879638671875,1.3054733276367188
80,0,80,161.29385480217945,173.59713030700857,177.95179945620495,179.4350725134682,89.54439363405656,0.00054168701171875,0.4144439697265625,0.01406097412109375,0.01689910888671875,0.01165008544921875,0.44249725341796875,0.01184844970703125,0.01221466064453125,0.0051116943359375,0.4389190673828125,0.01216888427734375,0.419281005859375,0.01003265380859375,0.00824737548828125,0.4326171875,0.00140380859375,0.00237274169921875,0.01137542724609375,0.43621826171875,0.0019378662109375,0.42781829833984375,0.0052642822265625,0.00679779052734375,0.42962646484375
81,0,81,164.48020512869502,177.49575515695517,178.2387359625636,179.3388628958286,98.12364739497293,0.00135040283203125,0.4097442626953125,0.0245819091796875,0.4253997802734375,0.00543975830078125,0.41281890869140625,0.01477813720703125,0.4157562255859375,0.02520751953125,0.0103607177734375,0.0005340576171875,0.0097808837890625,0.4218292236328125,0.01409912109375,0.0084686279296875,0.00177764892578125,0.00255584716796875,0.0078582763671875,0.41699981689453125,0.44103240966796875,0.8684234619140625,0.0218658447265625,0.8472366333007812,0.42917633056640625
82,0,82,165.31754638584997,169.1467614987967,173.03225146891467,177.83208325303994,97.11839445616789,0.01992034912109375,0.0273284912109375,0.0047760009765625,0.43204498291015625,0.41947174072265625,0.42005157470703125,0.44968414306640625,0.0242156982421875,0.42700958251953125,0.4253082275390625,0.862457275390625,0.00092315673828125,0.43099212646484375,0.0149078369140625,0.00630950927734375,0.4349212646484375,0.39426422119140625,0.010650634765625,0.00634002685546875,1.281158447265625,1.2947845458984375,0.40789794921875,0.02679443359375,0.42963409423828125
83,0,83,172.93083225005242,166.72469229851376,179.1563693814637,178.7371204551542,86.15981778473454,0.00226593017578125,0.00679779052734375,0.43335723876953125,2.1382980346679688,0.00018310546875,0.8760452270507812,2.1345977783203125,0.01604461669921875,0.43402099609375,1.2893829345703125,0.42763519287109375,0.43267059326171875,0.43341827392578125,0.41338348388671875,1.7256622314453125,1.7035675048828125,0.39479827880859375,0.4363861083984375,0.00453948974609375,1.723419189453125,2.5821762084960938,0.419586181640625,0.8761215209960938,0.8648223876953125
84,0,84,159.46420433911166,161.6539824621375,177.58539589835237,178.89364256619766,95.39509528059007,0.01556396484375,0.011077880859375,1.7028045654296875,0.8779296875,0.02367401123046875,0.003570556640625,0.8708343505859375,0.02089691162109375,0.8472824096679688,0.00440216064453125,0.8575515747070312,0.01239013671875,0.0024871826171875,0.0041351318359375,0.8530349731445312,0.4180755615234375,0.39968109130859375,0.4239654541015625,0.02960968017578125,0.8688430786132812,1.7165679931640625,0.003326416015625,0.861419677734375,0.871124267578125
85,0,85,165.05729766814267,162.45299107604043,174.96874843658443,179.1355961865342,79.04327788128508,0.4112396240234375,0.414794921875,0.86090087890625,2.1444244384765625,0.415313720703125,0.43985748291015625,0.44289398193359375,0.000701904296875,0.41422271728515625,0.0001068115234375,0.00205230712890625,0.00690460205078125,0.005462646484375,0.0010833740234375,0.8524932861328125,0.4153289794921875,0.00685882568359375,0.42026519775390625,0.021331787109375,0.447265625,1.715789794921875,1.2953872680664062,0.4340972900390625,0.01227569580078125
86,0,86,164.65894961413167,158.36423892808287,176.15866490434675,178.07732400806458,90.62802243797056,0.41002655029296875,0.000396728515625,0.42653656005859375,0.9058761596679688,0.42537689208984375,0.8499755859375,3.0042343139648438,0.002593994140625,0.012847900390625,0.01324462890625,0.42449188232421875,0.00274658203125,0.84820556640625,0.41124725341796875,0.8493728637695312,0.4069671630859375,0.0163726806640625,0.00455474853515625,0.00441741943359375,0.02173614501953125,0.8498153686523438,0.43204498291015625,0.01676177978515625,0.00458526611328125
87,0,87,177.80125425744998,168.48160091934443,177.93451716576155,176.91672660723384,89.42583531395469,0.40268707275390625,0.00067901611328125,0.43891143798828125,3.0041351318359375,0.0148773193359375,1.7244796752929688,0.8856353759765625,0.00310516357421875,0.4384002685546875,0.0099639892578125,0.433990478515625,0.43691253662109375,0.42490386962890625,0.40682220458984375,1.2897872924804688,0.018157958984375,0.00240325927734375,0.01604461669921875,0.442047119140625,0.8474349975585938,0.8690719604492188,1.2823944091796875,0.42879486083984375,0.44007110595703125
88,0,88,170.66296476631365,164.90399900064318,174.69828632809674,179.52696315719584,89.47423359826735,0.002197265625,0.0063934326171875,0.4422721862792969,3.0090599060058594,0.412384033203125,1.3060989379882812,3.0105972290039062,0.43981170654296875,0.8841629028320312,0.00171661376953125,0.8555374145507812,0.00824737548828125,0.8549041748046875,0.04180145263671875,0.4405059814453125,0.8710556030273438,0.0118865966796875,0.00356292724609375,0.0076446533203125,0.01128387451171875,0.01009368896484375,0.8442459106445312,0.4337310791015625,0.41434478759765625
89,0,89,178.23651761998198,167.49207264892502,174.93936239372258,178.04701212593986,86.69388736706742,0.40074920654296875,0.0049591064453125,1.7144813537597656,1.306304931640625,0.0075836181640625,2.1496658325195312,3.477161407470703,0.42180633544921875,0.03267669677734375,0.00713348388671875,0.00305938720703125,0.428558349609375,0.42368316650390625,0.0003204345703125,0.0131988525390625,0.00972747802734375,0.00164031982421875,0.43416595458984375,0.42359161376953125,0.42766571044921875,0.00257110595703125,0.010345458984375,0.42093658447265625,0.0063934326171875
90,0,90,167.15560394956776,165.09961758130794,176.126036358635,177.44948641438768,86.19097269431242,0.00201416015625,0.41515350341796875,0.434722900390625,2.5940704345703125,0.0108184814453125,0.8433837890625,2.1388206481933594,0.011016845703125,0.02646636962890625,0.00847625732421875,0.427337646484375,0.43074798583984375,0.42725372314453125,0.8497772216796875,0.448486328125,3.4307937622070312,0.41779327392578125,1.713958740234375,3.4482574462890625,1.28216552734375,1.2891006469726562,0.8636016845703125,0.8652420043945312,1.283447265625
91,0,91,171.54086297964648,170.56356387612297,176.3986429623788,176.92621987035048,86.07581972177752,0.011444091796875,0.869293212890625,0.4227638244628906,2.161815643310547,0.02149200439453125,3.0404281616210938,4.339302062988281,0.01085662841796875,0.01744842529296875,0.00112152099609375,0.42928314208984375,0.43132781982421875,0.0053863525390625,1.2931747436523438,2.5770797729492188,0.8804931640625,1.2913970947265625,0.42852783203125,0.42694091796875,0.000732421875,0.01204681396484375,0.425750732421875,0.00475311279296875,0.8495330810546875
92,0,92,153.1229421918615,168.7622341768899,176.34306387320026,174.05501796347656,80.1749665722361,0.00531005859375,0.00910186767578125,0.42336273193359375,1.7131004333496094,0.42547607421875,0.8619003295898438,3.856159210205078,0.0073089599609375,0.01239013671875,0.002532958984375,0.42339324951171875,0.00725555419921875,0.01799774169921875,0.8543853759765625,0.8729782104492188,3.01177978515625,0.4293060302734375,1.708587646484375,2.6015777587890625,0.42736053466796875,0.01172637939453125,0.0017547607421875,0.852752685546875,2.1314620971679688
93,0,93,144.09876828786227,161.94933934328395,176.38410878936457,176.96185636987934,74.48664321036512,0.0019378662109375,0.42705535888671875,0.4234886169433594,1.7385711669921875,0.0077667236328125,1.722869873046875,1.7428665161132812,0.0118865966796875,0.01219940185546875,0.0028228759765625,0.8451461791992188,0.0016021728515625,0.4181060791015625,0.02207183837890625,0.42452239990234375,2.5971450805664062,0.0004730224609375,0.012420654296875,3.0065155029296875,0.01523590087890625,0.418975830078125,0.4326171875,0.42395782470703125,0.84857177734375
94,0,94,129.82053054114778,158.25125637987654,176.46190038577444,178.28177634211204,80.91064709344614,0.00159454345703125,1.2752532958984375,0.42856597900390625,1.2890586853027344,1.2856674194335938,1.3269729614257812,1.719146728515625,0.01209259033203125,0.00457000732421875,0.0164031982421875,0.4322509765625,0.01439666748046875,0.422454833984375,0.3990631103515625,0.4084320068359375,2.16845703125,0.8719329833984375,0.8707656860351562,1.7279052734375,0.439483642578125,0.8509597778320312,0.8653793334960938,0.42510986328125,0.437347412109375
95,0,95,138.10752527207745,170.6022262485895,176.96795321535916,178.94980728939663,80.55546833914585,0.00391387939453125,0.001739501953125,0.44869232177734375,0.8821525573730469,0.4350433349609375,2.1366004943847656,0.8767166137695312,0.008636474609375,0.00106048583984375,0.40158843994140625,0.4207916259765625,0.02759552001953125,0.416015625,0.4036712646484375,2.5731658935546875,3.0292205810546875,0.8675537109375,2.5697402954101562,3.4633712768554688,0.44329833984375,0.443145751953125,0.00811767578125,0.8409271240234375,0.00157928466796875
96,0,96,122.6235567109872,156.1224963606413,177.90815137065357,176.4565215809589,82.01289273158314,0.0007781982421875,0.01641845703125,0.022068023681640625,2.6039581298828125,0.415557861328125,0.8573760986328125,0.8456535339355469,0.40166473388671875,0.4117279052734375,0.004638671875,0.00518035888671875,0.397796630859375,0.01642608642578125,0.01634979248046875,0.43083953857421875,3.4508514404296875,0.0008392333984375,0.4324798583984375,3.8869094848632812,1.3029632568359375,1.2957305908203125,0.42305755615234375,1.70526123046875,0.8518829345703125
97,0,97,109.40371785070538,149.7011912808994,176.8260164561343,174.10096948384228,80.71930212356166,0.009185791015625,0.43836212158203125,0.0169525146484375,0.4215965270996094,0.44647979736328125,0.016719818115234375,0.4466590881347656,0.40622711181640625,0.42823028564453125,0.00553131103515625,0.00075531005859375,0.4424591064453125,0.4111480712890625,0.42287445068359375,0.4496002197265625,3.4626998901367188,0.42665863037109375,1.3116302490234375,3.0178985595703125,0.42870330810546875,0.42431640625,0.001434326171875,0.4288330078125,0.41928863525390625
98,0,98,129.42229733622386,142.0945671023655,176.040967167879,173.0903388299557,87.67253933804712,0.41847991943359375,0.0145721435546875,0.8796234130859375,0.8595237731933594,0.41933441162109375,0.4061164855957031,0.8692779541015625,0.40752410888671875,0.01114654541015625,0.002960205078125,0.0186767578125,0.4342498779296875,0.427886962890625,0.4087066650390625,2.9947280883789062,2.5858840942382812,0.8577423095703125,1.2919158935546875,2.6169471740722656,0.4283905029296875,0.00251007080078125,0.851470947265625,0.432830810546875,0.435577392578125
99,0,99,114.0396916257569,124.54334226733859,176.4501622978195,167.5503238945219,87.69101895117716,0.017303466796875,0.01242828369140625,1.2774238586425781,1.7394371032714844,0.02845001220703125,0.02276611328125,2.165424346923828,0.0045166015625,0.006011962890625,0.0041046142578125,0.00653076171875,0.8669204711914062,0.0082244873046875,0.418182373046875,0.46465301513671875,2.603912353515625,0.852142333984375,0.867767333984375,2.9963836669921875,0.00131988525390625,0.00189208984375,0.43309783935546875,0.42009735107421875,0.00090789794921875
100,0,100,127.11711303613977,131.05604899305055,175.84470199725519,162.83269458585218,80.35062722502221,0.0048828125,0.84576416015625,0.4385490417480469,0.8505592346191406,0.00061798095703125,0.0040740966796875,0.8780097961425781,0.40990447998046875,0.02396392822265625,0.00904083251953125,0.01129913330078125,0.8730316162109375,0.0099945068359375,0.43019866943359375,3.0146942138671875,3.4479827880859375,0.40373992919921875,2.5932464599609375,3.020343780517578,1.2809829711914062,0.865631103515625,0.0030975341796875,0.8599777221679688,0.00188446044921875
101,0,101,118.5985949655123,121.41389476740602,175.81792028100833,160.05238400039488,88.16735556307556,0.43743133544921875,1.2928619384765625,1.2888984680175781,3.0229568481445312,0.842437744140625,0.02173614501953125,3.0076446533203125,0.0064544677734375,0.4156494140625,0.00963592529296875,0.01166534423828125,0.40899658203125,0.0085296630859375,0.8590087890625,1.2863807678222656,0.8825111389160156,0.8761444091796875,0.8812408447265625,0.886444091796875,0.42620849609375,0.00875091552734375,0.0068817138671875,0.01195526123046875,0.016937255859375
102,0,102,108.76888059946671,125.32341172924069,172.99178638240983,160.4444994901811,88.23993660149773,0.02213287353515625,6.91217041015625,1.7341079711914062,3.0200958251953125,3.8956298828125,0.017620086669921875,1.7283935546875,0.01592254638671875,0.02211761474609375,0.00862884521484375,0.003692626953125,0.00469970703125,0.40557098388671875,0.8718414306640625,1.7358665466308594,0.8427581787109375,1.699737548828125,0.850799560546875,1.2869606018066406,0.43561553955078125,0.43218231201171875,0.42337799072265625,0.431671142578125,0.41644287109375
103,0,103,100.8064920506529,97.59476590880257,173.4421226562226,161.90779818779149,87.88778705527984,0.0279693603515625,7.781608581542969,1.3019027709960938,0.000316619873046875,5.196174621582031,0.8803787231445312,1.7343177795410156,0.01496124267578125,0.00562286376953125,0.011627197265625,0.43154144287109375,0.41240692138671875,0.00164794921875,0.8802337646484375,1.3028182983398438,0.8646240234375,2.5745468139648438,0.8515472412109375,1.7223663330078125,0.41793060302734375,0.42110443115234375,0.0120697021484375,0.00020599365234375,0.0002899169921875
104,0,104,111.97620921178448,113.43079480720641,169.26927767790644,163.68044156662557,87.18032365737089,0.005035400390625,0.0025634765625,0.41684722900390625,0.4342994689941406,0.8631591796875,9.928916931152344,2.1550331115722656,0.41257476806640625,0.41420745849609375,0.00482940673828125,0.01232147216796875,0.44310760498046875,0.40575408935546875,0.852783203125,0.4242362976074219,0.8604698181152344,0.42588043212890625,3.9134521484375,6.055049896240234,1.2830810546875,1.2799148559570312,0.417877197265625,0.8693161010742188,0.8625640869140625
105,0,105,109.89692121185634,104.9694567340102,164.68282186237315,168.7940584844452,77.2612679996,0.44499969482421875,0.8841552734375,0.008579254150390625,0.002460479736328125,0.8561477661132812,9.946121215820312,2.6079483032226562,1.2983627319335938,1.2880401611328125,0.01725006103515625,1.7260971069335938,1.710601806640625,1.7217254638671875,1.2992477416992188,1.3078346252441406,1.3076820373535156,2.1520004272460938,3.0325927734375,5.18212890625,0.00337982177734375,0.41915130615234375,0.8670196533203125,0.00452423095703125,0.0207977294921875
106,0,106,111.0722193084179,124.01516673876853,163.09190044908019,167.63518705049927,71.64147303058259,1.7242431640625,3.0130996704101562,2.598724365234375,1.7173919677734375,0.00235748291015625,2.582836151123047,2.991626739501953,1.2746658325195312,0.86065673828125,0.41530609130859375,0.8630905151367188,0.45439910888671875,0.43270111083984375,0.4417724609375,4.755622863769531,6.455669403076172,0.8698654174804688,4.31121826171875,3.8962478637695312,0.0048828125,0.44029998779296875,0.42052459716796875,0.85552978515625,0.44057464599609375
107,0,107,91.91426319728144,124.94971632345296,166.33003674016962,170.29083264015307,73.28588383563546,0.85595703125,0.43906402587890625,0.8769721984863281,1.2987518310546875,3.0133056640625,0.4528160095214844,1.3115806579589844,0.44889068603515625,0.4430389404296875,0.4354705810546875,0.8681716918945312,0.8610382080078125,0.45386505126953125,1.7290115356445312,5.6171722412109375,4.770454406738281,0.0118865966796875,3.8997116088867188,5.623435974121094,0.8491744995117188,0.87176513671875,2.1482696533203125,0.43134307861328125,0.416046142578125
108,0,108,91.51330520153131,152.54763512467767,178.69006936355458,178.84080446765026,77.93125875015241,0.01450347900390625,1.2916030883789062,3.428955078125,0.000762939453125,0.8638534545898438,3.4398574829101562,0.00225067138671875,0.43096160888671875,0.41217041015625,2.1541213989257812,1.7154922485351562,2.5792160034179688,0.0234375,0.4200286865234375,4.311698913574219,9.084518432617188,0.42603302001953125,1.7332000732421875,8.617385864257812,0.854217529296875,0.4300689697265625,0.0143585205078125,1.7088470458984375,0.02178192138671875
109,0,109,143.00940808743815,163.84847931036575,178.48422218959553,179.98380415585603,82.21459022969626,0.01718902587890625,1.3053436279296875,0.4700469970703125,5.623146057128906,2.1522674560546875,3.9143218994140625,5.616275787353516,1.7249984741210938,0.45424652099609375,0.8531112670898438,0.8707351684570312,0.462310791015625,0.8476409912109375,0.0005340576171875,0.85797119140625,7.3470306396484375,2.1475982666015625,2.5802841186523438,8.646697998046875,1.2889404296875,0.4331512451171875,0.01507568359375,1.2866287231445312,0.016937255859375
110,0,110,164.86883846049187,169.77199713559668,177.1672087025786,168.6535188675607,81.91815094950317,0.00550079345703125,0.422332763671875,2.9854736328125,8.209236145019531,0.01493072509765625,6.897789001464844,12.516281127929688,0.441497802734375,0.861541748046875,0.8717803955078125,0.4223785400390625,2.5600357055664062,0.431427001953125,0.429931640625,2.15789794921875,3.8791351318359375,0.8556137084960938,1.2876129150390625,2.6010665893554688,0.43476104736328125,0.42818450927734375,0.0085601806640625,0.0283355712890625,0.855499267578125
111,0,111,146.73359530779803,168.0367029762008,174.6901347918953,178.5908679903583,87.20446994814921,0.01042938232421875,0.005340576171875,0.461334228515625,9.929588317871094,0.01569366455078125,5.603157043457031,10.803153991699219,0.8451919555664062,1.7121658325195312,1.7226715087890625,0.4332122802734375,1.2774200439453125,0.43596649169921875,0.863494873046875,0.8437576293945312,0.0019989013671875,1.3125495910644531,1.2969741821289062,0.437103271484375,0.8523330688476562,0.4364471435546875,1.28863525390625,1.2861251831054688,0.43996429443359375
112,0,112,160.42780365263738,170.92322778587624,170.30196635584025,173.69796358234598,82.6465582291638,0.01059722900390625,0.4288787841796875,5.183921813964844,7.786643981933594,0.8498306274414062,2.6030349731445312,6.492095947265625,0.012786865234375,0.005584716796875,0.8860244750976562,0.4354400634765625,1.7253494262695312,1.2781753540039062,0.00305938720703125,2.990936279296875,4.328697204589844,1.7220840454101562,3.4641342163085938,5.6011962890625,0.00386810302734375,0.42443084716796875,0.874114990234375,0.43292999267578125,0.8583221435546875
113,0,113,162.2260718939045,178.0517820056515,169.57458366204665,171.75984380290657,84.48097713084788,0.018463134765625,0.44950103759765625,4.760711669921875,6.4835662841796875,0.43799591064453125,0.8608169555664062,3.895751953125,0.00260162353515625,0.4217681884765625,0.004608154296875,0.8377914428710938,0.0066375732421875,0.4404449462890625,0.8850173950195312,3.8944778442382812,8.209465026855469,0.4363212585449219,3.0167388916015625,6.5003662109375,0.00389862060546875,9.918212890625e-05,1.3017959594726562,0.42076873779296875,0.43413543701171875
114,0,114,169.8738953080567,148.06849961591263,165.21310544297648,169.09742842884478,78.62075980702436,0.00202178955078125,2.1497802734375,3.4306640625,3.8653411865234375,1.713134765625,0.425750732421875,3.008453369140625,0.00946807861328125,0.011322021484375,0.44318389892578125,0.40778350830078125,0.4140777587890625,0.43601226806640625,2.5702056884765625,6.498222351074219,8.624549865722656,0.4285888671875,0.8848953247070312,7.32708740234375,0.41738128662109375,0.00514984130859375,0.43076324462890625,1.2852249145507812,1.2939605712890625
115,0,115,141.2863980867943,146.69710805171147,152.45530008126437,171.3749058488956,78.03063772159337,1.2875213623046875,0.8543624877929688,6.034339904785156,3.00701904296875,3.0054779052734375,1.7361526489257812,0.42099761962890625,0.8477783203125,0.4537506103515625,2.5916061401367188,0.442138671875,0.01554107666015625,0.4043426513671875,0.85296630859375,0.44326019287109375,5.638118743896484,0.4376373291015625,3.4462661743164062,6.4796142578125,0.4247283935546875,0.44048309326171875,2.1642837524414062,0.42169189453125,0.8625640869140625
116,0,116,38.152916736247214,147.28140461555267,151.53732501317126,169.69364734896877,89.66915093803108,0.4105987548828125,0.00048065185546875,2.5855941772460938,0.0,0.0030517578125,1.289398193359375,0.01372528076171875,0.41644287109375,0.84991455078125,0.4138336181640625,0.8526382446289062,0.01129913330078125,0.8367500305175781,0.459808349609375,3.4301223754882812,0.0,0.4347076416015625,3.0181236267089844,6.4939117431640625,0.8619766235351562,0.44915771484375,0.0133819580078125,1.2980728149414062,0.005706787109375
117,0,117,35.58162132826272,149.1059298337636,147.99316105358534,170.1193662208118,84.29015790350138,1.7210235595703125,0.006805419921875,3.8871536254882812,7.777519226074219,0.8869400024414062,0.4291229248046875,3.8780670166015625,0.42116546630859375,0.00586700439453125,0.8763275146484375,0.42095947265625,0.006622314453125,1.2917060852050781,0.0034942626953125,0.42867279052734375,1.0803241729736328,0.8618354797363281,3.890399932861328,4.312744140625,0.43697357177734375,0.02738189697265625,0.44417572021484375,0.856964111328125,0.8694381713867188
118,0,118,88.14914408026603,152.88403025686821,146.04776233923712,174.2708486277879,93.12086551343621,0.8484649658203125,0.8699188232421875,0.8638381958007812,7.777519226074219,0.4262237548828125,1.7177658081054688,3.0230865478515625,1.303558349609375,1.7043685913085938,0.42090606689453125,1.2864303588867188,0.00382232666015625,0.8950843811035156,2.1580963134765625,0.8604812622070312,1.0803241729736328,0.46436309814453125,1.2972526550292969,1.309661865234375,0.8748931884765625,0.45461273193359375,0.42840576171875,1.2834701538085938,1.2956619262695312
119,0,119,127.57265390161132,134.96599872663353,142.9913484721486,171.70689157220727,100.79782155400328,0.01513671875,2.6034469604492188,10.371986389160156,6.912750244140625,1.3095932006835938,0.44673919677734375,3.4539794921875,0.0058746337890625,0.03115081787109375,0.42414093017578125,1.289794921875,0.42401885986328125,0.0191650390625,0.869476318359375,10.799083709716797,12.96029281616211,0.4130401611328125,2.5895614624023438,2.1594886779785156,0.852264404296875,0.4317626953125,0.0126800537109375,0.010650634765625,1.7107772827148438
120,0,120,123.61785656915885,126.47286454458185,138.67721481918124,171.7622985829083,93.34699758931123,0.419952392578125,0.017608642578125,1.7370758056640625,2.1753997802734375,0.8739547729492188,0.4319000244140625,1.7291336059570312,0.0094146728515625,0.00508880615234375,0.8579635620117188,0.00443267822265625,0.007568359375,0.4330482482910156,1.7325325012207031,0.422698974609375,0.4288787841796875,0.00324249267578125,0.8636932373046875,0.01001739501953125,0.8548583984375,1.2904739379882812,0.4409942626953125,0.44084930419921875,0.44525146484375
121,0,121,95.59996119348202,107.01875166941593,136.0136469977851,172.9916734700625,92.79387656035595,0.02512359619140625,1.3011245727539062,2.596527099609375,0.8651046752929688,0.00478363037109375,0.43746185302734375,2.1673507690429688,0.4343109130859375,0.4162139892578125,0.0132904052734375,0.4293365478515625,0.003021240234375,0.0090179443359375,0.017986297607421875,0.44537353515625,0.008769989013671875,0.8613624572753906,0.872833251953125,1.313873291015625,0.422149658203125,0.43686676025390625,0.43548583984375,0.0134735107421875,0.4433746337890625
122,0,122,91.84265869740013,102.72874881970438,138.31763046168564,174.28587138668,85.47182258543909,0.42105865478515625,4.754570007324219,0.4227752685546875,2.1364593505859375,1.2886581420898438,0.01727294921875,2.1429290771484375,0.004150390625,0.02191925048828125,0.00920867919921875,0.4356842041015625,0.4233245849609375,0.41394805908203125,0.4494132995605469,2.1486129760742188,0.449920654296875,0.8554153442382812,1.2945289611816406,0.8603172302246094,0.01438140869140625,0.4345855712890625,0.017608642578125,0.0087432861328125,0.42261505126953125
123,0,123,76.33162737616561,101.95075489498673,135.54905185005083,174.26234056781317,86.71586406213132,0.43836212158203125,5.180908203125,0.00640869140625,0.43645477294921875,1.71795654296875,1.7086105346679688,0.0003204345703125,0.41570281982421875,0.0271759033203125,0.42871856689453125,0.01062774658203125,0.005706787109375,0.014862060546875,0.4288368225097656,1.2857170104980469,0.4375648498535156,0.4322090148925781,0.8653068542480469,1.7366600036621094,0.4158477783203125,0.42137908935546875,0.4479217529296875,0.41546630859375,0.43891143798828125
124,0,124,82.9610903357297,80.72246777267199,136.7411585539249,171.97321046136693,87.93687748858693,0.42847442626953125,2.1478118896484375,0.0083465576171875,3.0107574462890625,0.009857177734375,2.156341552734375,3.4453048706054688,0.003753662109375,0.00214385986328125,0.416107177734375,0.00208282470703125,0.40245819091796875,0.426361083984375,0.42580413818359375,2.5920448303222656,3.4575157165527344,0.42894744873046875,1.3000640869140625,3.888427734375,0.00701904296875,0.0022430419921875,0.01297760009765625,0.41503143310546875,0.0110015869140625
125,0,125,54.78951755404512,78.77962222042692,133.220227251386,175.2361531556582,89.60189261386263,1.732086181640625,2.1546630859375,0.43743133544921875,2.5783157348632812,3.4545745849609375,0.00513458251953125,2.1564559936523438,0.41666412353515625,0.00051116943359375,0.4097747802734375,0.424774169921875,0.4118804931640625,0.42894744873046875,0.01758575439453125,2.153942108154297,0.010448455810546875,0.8482627868652344,1.7217559814453125,0.42401885986328125,0.0105743408203125,0.01229095458984375,0.00315093994140625,0.00547027587890625,0.4276885986328125
126,0,126,102.47185582299255,73.13191821033534,137.92128342683526,176.47664475947025,86.51568071252744,0.8650436401367188,0.43593597412109375,2.579132080078125,4.740318298339844,2.1543960571289062,0.4289398193359375,2.5905532836914062,0.00440216064453125,0.4100189208984375,1.28271484375,0.43332672119140625,0.006683349609375,1.2944831848144531,0.4544563293457031,6.041896820068359,2.6061363220214844,0.0261383056640625,1.2949180603027344,0.8611679077148438,0.429656982421875,0.43521881103515625,0.0334014892578125,0.43058013916015625,0.01720428466796875
127,0,127,72.41316376856734,94.7151185662666,136.69291507024866,177.6769158879883,81.5828395726889,1.2922592163085938,0.8608627319335938,7.7862396240234375,1.0771675109863281,2.5896224975585938,0.00444793701171875,3.4471511840820312,0.00836181640625,0.002899169921875,0.4319305419921875,0.4285888671875,0.00640106201171875,1.2852745056152344,0.43531036376953125,0.867279052734375,1.3034076690673828,0.44585418701171875,0.4450263977050781,3.4498519897460938,0.42254638671875,0.01715850830078125,0.0120697021484375,0.02239227294921875,0.0138397216796875
128,0,128,67.64645612195531,76.14538602809958,141.84685853252535,175.31760732766642,79.88488665085345,0.8660049438476562,3.0221099853515625,11.248336791992188,1.0771675109863281,3.0178680419921875,0.012054443359375,3.0102615356445312,0.00608062744140625,0.41118621826171875,0.8519744873046875,0.8541107177734375,0.0084686279296875,0.8551521301269531,0.42352294921875,4.31475830078125,1.3034076690673828,0.43494415283203125,0.8776931762695312,2.5799293518066406,0.007080078125,0.0074920654296875,0.00653839111328125,0.003448486328125,0.43183135986328125
129,0,129,71.02661464582671,58.404131861033434,144.67108645999662,175.22237750039017,78.82815547365362,0.42656707763671875,2.158905029296875,0.0042266845703125,0.01389312744140625,3.4562149047851562,0.027587890625,0.01560211181640625,0.0084686279296875,0.027923583984375,0.43186187744140625,0.42889404296875,0.00794219970703125,0.00267791748046875,0.433685302734375,0.0029296875,0.002124786376953125,0.019382476806640625,0.4319419860839844,1.2940902709960938,0.00492095947265625,0.0062103271484375,0.00806427001953125,0.0049896240234375,0.0003814697265625
130,0,130,67.71741904777046,49.33187826475659,145.0900529808773,174.17322977895776,79.014409524016,0.00725555419921875,1.2894668579101562,0.8551864624023438,0.00193023681640625,2.1605758666992188,0.00447845458984375,0.003387451171875,0.00156402587890625,0.421295166015625,0.0013580322265625,0.009490966796875,0.0063629150390625,0.007198333740234375,0.004627227783203125,0.00397491455078125,0.00098419189453125,0.41167449951171875,0.8655014038085938,1.2863273620605469,0.01078033447265625,0.015960693359375,0.00801849365234375,0.00740814208984375,0.4141998291015625
131,0,131,60.14002911321842,53.02875764609063,141.9162680199046,170.729009728721,105.32922007586322,0.44460296630859375,0.442169189453125,1.7175750732421875,3.0328216552734375,1.284088134765625,1.728515625,1.7159271240234375,0.01180267333984375,1.2828826904296875,1.29534912109375,0.8597488403320312,0.4197998046875,0.00452423095703125,1.2877235412597656,0.43880462646484375,0.8765068054199219,0.4424018859863281,1.2828712463378906,0.4369163513183594,0.421295166015625,0.02222442626953125,0.01865386962890625,0.01624298095703125,0.007080078125
132,0,132,66.670447939144,39.335299725309326,140.4780574873798,169.56034285211433,167.85626553988388,0.43370819091796875,0.8536148071289062,0.405517578125,0.01628875732421875,1.722076416015625,2.1537017822265625,0.6470565795898438,0.42252349853515625,0.42989349365234375,0.41815948486328125,0.43975830078125,0.00263214111328125,0.41973876953125,0.01140594482421875,0.4399375915527344,0.006839752197265625,0.8474044799804688,1.3148078918457031,0.2155780792236328,0.001312255859375,0.0012664794921875,0.01219940185546875,0.00127410888671875,0.0034027099609375
133,0,133,60.72395664345143,41.331332723890895,142.11192403484026,167.26789702940656,171.09659930879712,0.8591232299804688,0.00455474853515625,0.4188995361328125,0.8686752319335938,1.2954864501953125,2.5908279418945312,0.6470565795898438,0.00437164306640625,0.00494384765625,0.418701171875,0.42876434326171875,0.005523681640625,0.4262504577636719,0.013103485107421875,0.013523101806640625,0.4385948181152344,0.008914947509765625,1.3053398132324219,0.2155780792236328,0.0037384033203125,0.00482940673828125,0.432586669921875,0.00020599365234375,0.0094451904296875
134,0,134,61.563733731887815,57.13131307807573,142.08921990471015,168.40762823226248,126.10348787185366,0.4262237548828125,0.8571548461914062,0.45047760009765625,0.4290924072265625,0.42597198486328125,0.00080108642578125,0.856231689453125,0.42059326171875,0.00417327880859375,0.00122833251953125,0.43212890625,0.0022735595703125,0.4176139831542969,0.003459930419921875,0.8650970458984375,0.00536346435546875,0.0069122314453125,0.4165496826171875,1.2846107482910156,0.007476806640625,0.0109100341796875,0.00689697265625,0.00630950927734375,0.00751495361328125
135,0,135,55.70418742587408,29.23769609675248,142.0995751544923,167.01777265050055,128.83705027460658,0.42310333251953125,0.8741302490234375,1.7042007446289062,0.8648834228515625,0.426605224609375,4.74346923828125,0.0,0.4257659912109375,0.42244720458984375,0.00774383544921875,0.43094635009765625,0.0048370361328125,0.42383575439453125,0.432769775390625,0.8710479736328125,0.4379158020019531,0.001270294189453125,3.028961181640625,0.0,0.4232330322265625,0.428924560546875,0.40802764892578125,0.42400360107421875,0.0107879638671875
136,0,136,59.78929297664774,27.07562416528267,145.23468642095256,163.59993203754493,98.71707405881733,0.41412353515625,0.02400970458984375,0.00257110595703125,0.4148101806640625,0.419097900390625,0.0084991455078125,0.8613700866699219,0.4296417236328125,0.42023468017578125,0.4227752685546875,0.8638763427734375,0.00063323974609375,0.006732940673828125,0.4255409240722656,0.41704559326171875,0.001544952392578125,0.01483154296875,0.43436431884765625,0.21341705322265625,0.42388153076171875,0.01305389404296875,0.003387451171875,0.0169830322265625,0.0042266845703125
137,0,137,57.26617955388319,67.13901508441252,146.08811662318746,165.7606279832076,129.6371783990406,0.42031097412109375,0.00017547607421875,0.43499755859375,0.0220947265625,0.8424148559570312,5.188385009765625,0.8613700866699219,0.00856781005859375,0.8468551635742188,0.8625564575195312,0.868255615234375,0.0124664306640625,0.4311027526855469,0.43300628662109375,0.4650421142578125,0.4176979064941406,0.41620635986328125,2.153522491455078,0.21341705322265625,0.0040435791015625,0.4163665771484375,0.40686798095703125,0.00292205810546875,0.00740814208984375
138,0,138,45.155665209191966,57.082637599097424,143.33357374955085,169.1814241695919,97.62437525605272,0.0007781982421875,1.703887939453125,0.413177490234375,0.4424285888671875,0.877166748046875,1.2904205322265625,0.43149566650390625,0.43320465087890625,0.865936279296875,0.426422119140625,1.2873611450195312,0.00597381591796875,0.442596435546875,1.2859611511230469,0.4184455871582031,0.8638801574707031,0.8581466674804688,0.008274078369140625,0.000843048095703125,0.0005035400390625,0.0049896240234375,0.4044952392578125,0.00388336181640625,0.01271820068359375
139,0,139,51.502086299204905,66.40482886089949,137.26944872482338,167.93433694087037,82.99414651355212,0.01311492919921875,0.8632888793945312,0.426177978515625,1.714324951171875,0.8728561401367188,0.0161285400390625,2.1611557006835938,0.41429901123046875,0.01209259033203125,1.2818374633789062,0.011932373046875,0.00640869140625,0.4250373840332031,0.01180267333984375,1.7107582092285156,1.2876434326171875,0.4235801696777344,2.1373977661132812,0.8792839050292969,0.4311065673828125,0.8473434448242188,0.445098876953125,0.022308349609375,0.42267608642578125
140,0,140,58.7169769457624,68.21100092144255,139.26091539680988,169.39596973721177,92.91526270525644,0.42082977294921875,0.4279022216796875,0.00811004638671875,0.8422698974609375,3.88092041015625,0.4235076904296875,0.8563003540039062,0.00298309326171875,0.40633392333984375,0.854827880859375,0.00644683837890625,0.0128936767578125,0.006298065185546875,0.4352378845214844,0.8524551391601562,0.010036468505859375,0.42229461669921875,0.025745391845703125,0.4011573791503906,0.0096893310546875,0.414306640625,0.42940521240234375,0.0109100341796875,0.42656707763671875
141,0,141,55.706757329724866,56.262154791459906,139.26571320029475,169.5336456011175,95.87767558691873,0.0091552734375,0.42356109619140625,0.4553070068359375,0.01651763916015625,1.7286758422851562,1.7164306640625,0.43060302734375,0.42034149169921875,0.02436065673828125,0.00257110595703125,0.00594329833984375,0.002044677734375,0.013759613037109375,0.002902984619140625,0.023593902587890625,0.002498626708984375,0.8517036437988281,0.42694854736328125,0.025604248046875,0.42099761962890625,0.42600250244140625,0.01172637939453125,0.015625,0.42798614501953125
142,0,142,54.37305315440699,52.41605884146628,138.2574714181411,169.30180226869754,86.01505021298257,0.42470550537109375,0.440399169921875,0.014312744140625,0.0093536376953125,3.0204696655273438,0.434234619140625,0.01861572265625,0.00518035888671875,0.00736236572265625,0.00151824951171875,0.4189300537109375,0.00150299072265625,0.008258819580078125,0.004489898681640625,0.4200859069824219,0.416839599609375,0.853759765625,0.4284400939941406,0.4141807556152344,0.00324249267578125,0.41356658935546875,0.40833282470703125,0.4131317138671875,0.00485992431640625
143,0,143,57.076620537909136,70.3714736874114,138.32588116617453,170.29134000526616,98.52263711530351,0.41925811767578125,3.0266036987304688,0.45311737060546875,0.8603744506835938,6.029609680175781,3.01129150390625,0.01033782958984375,0.0116119384765625,0.43785858154296875,0.4296417236328125,0.44422149658203125,0.40154266357421875,0.4262657165527344,0.4295539855957031,0.0251922607421875,0.032291412353515625,0.4310951232910156,1.7203826904296875,1.3001518249511719,0.00661468505859375,0.42314910888671875,0.033447265625,0.00287628173828125,0.0030517578125
144,0,144,60.94605425541497,54.42789905535532,136.42887970841542,172.71645273394176,94.30163144836634,0.4190826416015625,2.5824661254882812,0.02758026123046875,0.01267242431640625,3.8734893798828125,3.00433349609375,0.4414215087890625,0.424774169921875,0.42481231689453125,0.00025177001953125,0.43726348876953125,0.00186920166015625,0.00478363037109375,0.8542671203613281,0.42816162109375,0.4065399169921875,0.006443023681640625,0.8590469360351562,1.2857208251953125,0.8569412231445312,0.8602523803710938,0.41004180908203125,0.43926239013671875,0.42413330078125
145,0,145,60.682050526975594,56.9495123821097,135.31631287235706,170.47763790596497,97.01640788926676,0.0003204345703125,0.4172515869140625,0.00457000732421875,0.42386627197265625,0.00565338134765625,1.7111663818359375,0.4162445068359375,0.41363525390625,0.0006866455078125,0.42694091796875,0.00318145751953125,0.4015350341796875,0.00115203857421875,0.4237861633300781,0.420074462890625,0.4317283630371094,0.00411224365234375,0.8609580993652344,0.8579292297363281,0.0068817138671875,0.0083770751953125,0.43634796142578125,0.004913330078125,0.006195068359375
146,0,146,61.489353460157844,84.2863970904519,134.35804935050896,170.49195528240466,85.16975445896603,0.42365264892578125,0.41968536376953125,0.41786956787109375,1.2926406860351562,1.3034820556640625,4.3218841552734375,0.8476028442382812,0.00753021240234375,0.005157470703125,0.01136016845703125,0.41211700439453125,0.4041290283203125,0.8553009033203125,1.2958908081054688,1.727203369140625,1.3008499145507812,0.0059661865234375,4.74847412109375,8.626472473144531,0.432464599609375,0.8514480590820312,0.00152587890625,0.42704010009765625,0.00562286376953125
147,0,147,65.72835596591993,74.16867211799736,132.47411093683272,170.51218167538576,96.04185603816344,0.01605987548828125,0.43190765380859375,0.00281524658203125,0.8482284545898438,0.00179290771484375,0.43881988525390625,0.8663101196289062,0.00731658935546875,0.0216064453125,0.41645050048828125,0.02487945556640625,0.00730133056640625,0.4281349182128906,0.010494232177734375,0.4452857971191406,1.2838706970214844,0.4292106628417969,0.01107025146484375,2.998218536376953,0.412994384765625,0.00202178955078125,0.43070220947265625,0.00263214111328125,0.00185394287109375
148,0,148,71.95281266210384,75.81819065887602,135.0761319696014,169.29182880089746,86.7996092716846,0.42092132568359375,0.00278472900390625,0.43376922607421875,0.00217437744140625,0.8700180053710938,2.1497955322265625,1.2976608276367188,0.4167022705078125,0.0247650146484375,0.41424560546875,0.0167388916015625,0.004974365234375,0.86181640625,1.2768287658691406,0.4334716796875,0.0116424560546875,0.8671112060546875,0.00510406494140625,0.0067138671875,0.01261138916015625,0.43459320068359375,0.44126129150390625,0.00418853759765625,0.0043487548828125
149,0,149,68.75895692643616,76.79717586710538,132.43824863234445,169.22061595462955,85.73154790264324,0.00345611572265625,2.140960693359375,0.43787384033203125,0.4250030517578125,1.2954177856445312,1.295135498046875,0.4398345947265625,0.4210357666015625,0.00206756591796875,0.41234588623046875,0.0062408447265625,0.01644134521484375,0.004665374755859375,0.01114654541015625,4.57763671875e-05,0.005584716796875,0.0139312744140625,0.8616409301757812,0.43709564208984375,0.0014495849609375,0.0010223388671875,0.010894775390625,0.0020599365234375,0.0036468505859375
150,0,150,69.54246264083469,72.76526330856903,135.05892171662538,169.18134192441414,87.92424872046276,0.41857147216796875,0.41229248046875,0.0027923583984375,0.006439208984375,0.43376922607421875,1.2845458984375,0.0093841552734375,0.42633819580078125,0.00737762451171875,0.417144775390625,0.0101470947265625,0.0017242431640625,0.0074005126953125,0.011135101318359375,0.008331298828125,0.0091705322265625,0.41571044921875,2.1497650146484375,2.576923370361328,0.00693511962890625,0.00762176513671875,0.00374603271484375,0.00653076171875,0.00128173828125
151,0,151,70.07253876329679,69.72833544986244,135.11155205940415,169.3687038614225,86.87177063331626,0.00823211669921875,0.41652679443359375,2.5932769775390625,0.43350982666015625,0.00417327880859375,0.00574493408203125,0.4147796630859375,0.4290008544921875,0.00476837158203125,0.0077362060546875,0.0134429931640625,0.0135955810546875,0.4299583435058594,0.4194602966308594,2.9995269775390625,3.036243438720703,0.44512176513671875,0.006622314453125,0.0111541748046875,0.006439208984375,0.0070953369140625,0.00051116943359375,0.006195068359375,0.00070953369140625
152,0,152,67.93196592631969,68.92441213033213,134.50425307800504,169.36405489748316,87.91402147929973,0.42194366455078125,8.392333984375e-05,1.2959213256835938,0.01738739013671875,0.416839599609375,0.8424911499023438,0.0032958984375,0.004608154296875,0.00604248046875,0.00785064697265625,0.0102386474609375,0.00797271728515625,0.001659393310546875,0.002300262451171875,0.4271392822265625,0.01165008544921875,0.4171600341796875,0.01529693603515625,0.8653335571289062,0.428192138671875,0.42583465576171875,0.020233154296875,0.430938720703125,0.8578720092773438
153,0,153,76.13061925047317,72.52467250870474,132.06861660725883,169.26548374338444,78.0201661525191,0.00395965576171875,0.8570098876953125,0.8501358032226562,1.2821044921875,0.4538421630859375,0.0009002685546875,0.8614273071289062,0.42018890380859375,0.42009735107421875,0.42943572998046875,0.01110076904296875,4.57763671875e-05,0.00257110595703125,0.003025054931640625,0.0062255859375,0.0060577392578125,0.43068695068359375,0.42063140869140625,0.4234771728515625,0.4281158447265625,0.010894775390625,0.02643585205078125,0.428924560546875,0.0089874267578125
154,0,154,82.70958631271863,68.3226674433008,133.88508326338513,169.21309303312933,89.96474650763815,0.430267333984375,0.00420379638671875,1.7254180908203125,0.42659759521484375,1.28460693359375,1.29864501953125,0.8698654174804688,0.0072784423828125,0.0120697021484375,0.410308837890625,0.0028228759765625,0.01685333251953125,0.00592803955078125,0.43006134033203125,0.44085693359375,0.44361114501953125,0.4262123107910156,0.423492431640625,1.2868804931640625,0.4152069091796875,0.00041961669921875,0.00811767578125,0.001190185546875,0.422210693359375
155,0,155,84.03845849791446,76.43792299794018,130.4123901700746,176.3064764339728,93.5382991917054,0.4283294677734375,0.43929290771484375,0.43282318115234375,0.42824554443359375,0.4314422607421875,0.42778778076171875,0.012420654296875,0.8524169921875,0.01183319091796875,0.42539215087890625,0.44086456298828125,1.307098388671875,0.4394569396972656,0.8492851257324219,0.00353240966796875,0.8444175720214844,0.4335517883300781,0.42501068115234375,1.7125167846679688,0.8479766845703125,0.8596038818359375,0.011871337890625,0.01178741455078125,1.70648193359375
156,0,156,90.91079524229202,71.69400346040918,130.3882061064451,177.4712370809109,105.9638353244967,0.00106048583984375,0.0093994140625,0.8469696044921875,0.855926513671875,0.85626220703125,0.0104217529296875,0.435211181640625,0.41745758056640625,0.00547027587890625,0.00281524658203125,0.40952301025390625,0.00157928466796875,0.00732421875,0.42308807373046875,0.418731689453125,0.8683319091796875,0.002105712890625,0.00506591796875,0.8498077392578125,0.41977691650390625,0.00620269775390625,0.00263214111328125,0.0034637451171875,0.00159454345703125
157,0,157,93.94598356352633,75.30050245019746,130.44191500467517,176.38254978018182,111.2801892975986,0.0028839111328125,0.01033782958984375,0.41030120849609375,0.0057220458984375,0.42009735107421875,0.001617431640625,0.43238067626953125,0.4204254150390625,0.00124359130859375,0.00989532470703125,0.40606689453125,0.0084686279296875,0.003314971923828125,0.4254341125488281,0.005340576171875,0.4205741882324219,0.00719451904296875,0.003082275390625,0.00675201416015625,0.00283050537109375,0.00101470947265625,0.00241851806640625,0.003173828125,0.41507720947265625
158,0,158,93.94685339583637,70.05295285014769,131.16157408281657,177.50344202371167,111.27129349226435,0.00020599365234375,0.008697509765625,0.00121307373046875,0.00394439697265625,0.42447662353515625,0.43012237548828125,0.4251556396484375,0.00458526611328125,0.002227783203125,0.0121307373046875,0.40436553955078125,0.00272369384765625,0.002979278564453125,0.006290435791015625,0.0091705322265625,0.010250091552734375,0.4246025085449219,0.0095062255859375,0.0219573974609375,0.001190185546875,0.00202178955078125,0.40050506591796875,1.52587890625e-05,0.0010528564453125
159,0,159,96.03228531152418,73.78647158904641,131.88167021391985,176.1285533194969,93.44016732694384,0.00141143798828125,0.4176025390625,0.0009918212890625,0.42708587646484375,0.42584991455078125,0.0035247802734375,0.8642959594726562,0.008575439453125,0.00508880615234375,0.00786590576171875,0.40694427490234375,0.00031280517578125,0.00209808349609375,0.4294891357421875,0.00311279296875,0.00457000732421875,0.4249114990234375,0.01275634765625,0.0154876708984375,0.42546844482421875,0.0066680908203125,0.00196075439453125,0.42681121826171875,0.4181671142578125
160,0,160,100.4291359569686,85.9962684907744,131.11176358108875,174.99504527890687,92.14480048577256,0.0035858154296875,0.0074462890625,0.00279998779296875,0.0296783447265625,0.0133056640625,0.00577545166015625,0.8452224731445312,0.42292022705078125,0.00470733642578125,0.0052947998046875,0.4062652587890625,0.4234771728515625,0.4230384826660156,0.43804931640625,0.0108184814453125,0.8643341064453125,0.003154754638671875,0.00701904296875,1.7115707397460938,0.4342041015625,0.44039154052734375,0.00299072265625,0.42708587646484375,0.00830841064453125
161,0,161,103.77495988831016,81.33908815551166,130.40996335466014,175.1612626199925,93.13128255342531,0.4214324951171875,0.0003509521484375,0.8427658081054688,0.00370025634765625,0.4240570068359375,0.4166259765625,0.00733184814453125,0.00374603271484375,0.0030975341796875,0.01617431640625,0.00853729248046875,0.004638671875,0.0021820068359375,0.00312042236328125,0.0266571044921875,0.417236328125,0.00093841552734375,0.42236328125,0.00130462646484375,0.4252166748046875,0.42746734619140625,0.4025115966796875,0.42308807373046875,0.0123443603515625
162,0,162,99.70364452162478,79.64633800648848,131.19325009671275,175.11505943185176,92.16156353802859,0.41751861572265625,0.41655731201171875,0.000457763671875,0.00852203369140625,0.43407440185546875,0.8709487915039062,0.8564910888671875,0.00604248046875,0.0063934326171875,0.00041961669921875,0.001983642578125,0.00676727294921875,0.00266265869140625,0.011730194091796875,0.00316619873046875,0.40348052978515625,0.4289131164550781,0.4134063720703125,0.42095947265625,0.0016632080078125,0.00038909912109375,0.408966064453125,0.0050506591796875,0.00231170654296875
163,0,163,102.75553602402404,84.48677844020439,131.1280233038109,175.08989025900888,94.24804691383324,0.4185333251953125,0.41956329345703125,0.03435516357421875,0.00159454345703125,0.43581390380859375,0.8683547973632812,0.8584518432617188,0.4271392822265625,0.0113067626953125,0.0033111572265625,0.006256103515625,0.0003509521484375,0.4231414794921875,0.4347038269042969,0.01309967041015625,0.41175079345703125,0.4192962646484375,0.013885498046875,0.42935943603515625,0.425079345703125,0.42852020263671875,0.00196075439453125,0.42407989501953125,0.41761016845703125
164,0,164,105.54602578773847,83.58954426921257,131.96313007789595,175.14818380188953,93.23147091935449,0.0016937255859375,0.42322540283203125,0.0174713134765625,0.0109710693359375,0.00908660888671875,0.00185394287109375,0.00112152099609375,0.4183197021484375,0.00350189208984375,0.01399993896484375,0.00984954833984375,0.0023956298828125,0.8540534973144531,0.42745208740234375,0.0008544921875,0.01453399658203125,0.43743133544921875,0.8632278442382812,0.8579330444335938,0.00311279296875,0.0002288818359375,0.0031280517578125,0.00283050537109375,0.00354766845703125
165,0,165,105.33953632000618,85.18774110213634,131.98312251276266,175.12741044513245,93.2715350421774,0.00168609619140625,0.43096923828125,0.430389404296875,0.40999603271484375,0.00804901123046875,0.4373779296875,0.43253326416015625,0.00171661376953125,0.0073089599609375,0.00174713134765625,0.0047149658203125,0.00095367431640625,0.006000518798828125,0.4282684326171875,0.438507080078125,0.4243621826171875,0.4249839782714844,0.8558425903320312,0.42575836181640625,0.00148773193359375,0.00026702880859375,0.000640869140625,0.00293731689453125,0.0053253173828125
166,0,166,101.72347805403336,83.15621107875113,131.9753298184483,175.10855807073023,106.84056810057152,0.0057830810546875,0.00315093994140625,0.007781982421875,0.00020599365234375,0.00183868408203125,0.854248046875,0.41864776611328125,0.00113677978515625,0.0009918212890625,0.00357818603515625,0.0018463134765625,0.00333404541015625,0.000518798828125,0.4227790832519531,0.8506622314453125,0.8649444580078125,0.414215087890625,0.41934967041015625,0.42758941650390625,0.4193115234375,0.0037994384765625,0.0067291259765625,0.42041778564453125,0.4266510009765625
167,0,167,117.16249696404357,75.83113155903051,131.9665027179219,175.12622823455234,79.54155978367749,0.01862335205078125,0.432098388671875,0.8583908081054688,0.00783538818359375,0.43636322021484375,1.2881622314453125,0.8656387329101562,0.00434112548828125,0.00550079345703125,0.00988006591796875,0.0100250244140625,0.0034942626953125,0.430694580078125,0.43292236328125,1.2930068969726562,0.00330352783203125,0.4245719909667969,1.7364425659179688,1.7320785522460938,1.2811203002929688,0.442901611328125,0.4177398681640625,1.2893905639648438,1.2878570556640625
